X,spot_id,barcode,x,y,total_counts,n_genes_by_counts,pct_counts_mt
15x34,15x34,CCAGTTCACAGCGTTA,15,34,3688,1757,0.0
34x34,34x34,AAGGTACACAGCGTTA,34,34,1403,686,0.0
19x30,19x30,CAATGGAACAACCACA,19,30,6012,2381,0.0
31x35,31x35,ACCTCCAACATACCAA,31,35,1696,965,0.0
6x22,6x22,CTGGCATAACGTATCA,6,22,562,419,0.0
16x33,16x33,CATACCAACACTTCGA,16,33,10527,3051,0.0
1x27,1x27,GCCACATAAGTCACTA,1,27,1323,847,0.0
23x37,23x37,ATCCTGTACCGAAGTA,23,37,7884,3166,0.0
7x43,7x43,CTGAGCCACTCAATGA,7,43,588,429,0.0
35x43,35x43,AAGACGGACTCAATGA,35,43,199,153,0.0
34x9,34x9,AAGGTACACGCTGATC,34,9,485,372,0.0
25x34,25x34,AGCAGGAACAGCGTTA,25,34,4394,1822,0.0
25x14,25x14,AGCAGGAAAACCGAGA,25,14,273,198,0.0
10x35,10x35,CGACTGGACATACCAA,10,35,360,269,0.0
21x30,21x30,CAACCACACAACCACA,21,30,3994,1916,0.0
30x29,30x29,ACGCTCGAATTGAGGA,30,29,1919,994,0.0
24x24,24x24,AGTCACTAAGAGTCAA,24,24,1555,967,0.0
29x12,29x12,ACGTATCAAGTACAAG,29,12,175,142,0.0
39x36,39x36,AGTACAAGCCAGTTCA,39,36,1398,734,0.0
17x34,17x34,CAGCGTTACAGCGTTA,17,34,4844,1973,0.0
23x30,23x30,ATCCTGTACAACCACA,23,30,3516,1652,0.0
50x1,50x1,AACGTGATAACGTGAT,50,1,11296,3677,0.0
20x33,20x33,GACTAGTACACTTCGA,20,33,6344,2622,0.0
16x48,16x48,CATACCAAGAGCTGAA,16,48,1682,1049,0.0
17x38,17x38,CAGCGTTACCGTGAGA,17,38,2976,1419,0.0
33x8,33x8,ACACAGAACATCAAGT,33,8,574,419,0.0
24x36,24x36,AGTCACTACCAGTTCA,24,36,1323,760,0.0
7x39,7x39,CTGAGCCACCTCCTGA,7,39,868,596,0.0
30x50,30x50,ACGCTCGAGCCACATA,30,50,1090,728,0.0
28x40,28x40,ACTATGCACGAACTTA,28,40,5159,2206,0.0
19x36,19x36,CAATGGAACCAGTTCA,19,36,8891,3088,0.0
22x33,22x33,ATTGAGGACACTTCGA,22,33,2514,1211,0.0
9x49,9x49,CGCATACAGATAGACA,9,49,2672,1537,0.0
24x43,24x43,AGTCACTACTCAATGA,24,43,3008,1587,0.0
5x42,5x42,GAATCTGACGCATACA,5,42,596,389,0.0
28x34,28x34,ACTATGCACAGCGTTA,28,34,5964,1982,0.0
1x37,1x37,GCCACATACCGAAGTA,1,37,3494,1781,0.0
43x14,43x14,CATCAAGTAACCGAGA,43,14,100,71,0.0
26x43,26x43,AGATCGCACTCAATGA,26,43,2503,1321,0.0
25x29,25x29,AGCAGGAAATTGAGGA,25,29,6625,2445,0.0
31x31,31x31,ACCTCCAAGACTAGTA,31,31,6515,2259,0.0
26x40,26x40,AGATCGCACGAACTTA,26,40,1389,804,0.0
19x38,19x38,CAATGGAACCGTGAGA,19,38,2813,1535,0.0
15x35,15x35,CCAGTTCACATACCAA,15,35,2305,1120,0.0
46x6,46x6,ACCACTGTACATTGGC,46,6,132,112,0.0
8x36,8x36,CTCAATGACCAGTTCA,8,36,72,53,0.0
6x25,6x25,CTGGCATAAGATCGCA,6,25,202,160,0.0
29x40,29x40,ACGTATCACGAACTTA,29,40,5139,2215,0.0
25x43,25x43,AGCAGGAACTCAATGA,25,43,2807,1473,0.0
23x25,23x25,ATCCTGTAAGATCGCA,23,25,154,117,0.0
37x37,37x37,AACCGAGACCGAAGTA,37,37,4768,2026,0.0
20x25,20x25,GACTAGTAAGATCGCA,20,25,120,98,0.0
30x30,30x30,ACGCTCGACAACCACA,30,30,3964,1601,0.0
31x33,31x33,ACCTCCAACACTTCGA,31,33,14820,3714,0.0
29x35,29x35,ACGTATCACATACCAA,29,35,2750,1419,0.0
18x31,18x31,CACTTCGAGACTAGTA,18,31,2765,1262,0.0
50x10,50x10,AACGTGATACAAGCTA,50,10,1220,755,0.0
44x13,44x13,CAGATCTGAACAACCA,44,13,232,183,0.0
28x37,28x37,ACTATGCACCGAAGTA,28,37,829,503,0.0
19x40,19x40,CAATGGAACGAACTTA,19,40,5453,2426,0.0
10x49,10x49,CGACTGGAGATAGACA,10,49,1123,760,0.0
19x39,19x39,CAATGGAACCTCCTGA,19,39,3618,1908,0.0
29x30,29x30,ACGTATCACAACCACA,29,30,3533,1579,0.0
4x41,4x41,CAAGACTACGACTGGA,4,41,1216,788,0.0
4x35,4x35,CAAGACTACATACCAA,4,35,819,546,0.0
30x33,30x33,ACGCTCGACACTTCGA,30,33,10146,2718,0.0
21x33,21x33,CAACCACACACTTCGA,21,33,3795,1746,0.0
27x39,27x39,AGAGTCAACCTCCTGA,27,39,2607,1451,0.0
22x29,22x29,ATTGAGGAATTGAGGA,22,29,4128,1841,0.0
46x49,46x49,ACCACTGTGATAGACA,46,49,3798,1919,0.0
26x34,26x34,AGATCGCACAGCGTTA,26,34,3727,1457,0.0
26x42,26x42,AGATCGCACGCATACA,26,42,2721,1327,0.0
16x15,16x15,CATACCAAAACGCTTA,16,15,165,126,0.0
28x42,28x42,ACTATGCACGCATACA,28,42,3730,1586,0.0
23x43,23x43,ATCCTGTACTCAATGA,23,43,1505,868,0.0
34x35,34x35,AAGGTACACATACCAA,34,35,2306,1272,0.0
35x33,35x33,AAGACGGACACTTCGA,35,33,4496,1794,0.0
26x28,26x28,AGATCGCAATCCTGTA,26,28,3897,1567,0.0
18x39,18x39,CACTTCGACCTCCTGA,18,39,1100,744,0.0
27x23,27x23,AGAGTCAAACTATGCA,27,23,216,161,0.0
36x32,36x32,AACGCTTACAATGGAA,36,32,5073,2048,0.0
37x32,37x32,AACCGAGACAATGGAA,37,32,2244,1178,0.0
30x41,30x41,ACGCTCGACGACTGGA,30,41,3717,1492,0.0
18x35,18x35,CACTTCGACATACCAA,18,35,2122,1045,0.0
18x38,18x38,CACTTCGACCGTGAGA,18,38,4171,1926,0.0
1x22,1x22,GCCACATAACGTATCA,1,22,501,328,0.0
27x33,27x33,AGAGTCAACACTTCGA,27,33,8054,2533,0.0
11x50,11x50,CGAACTTAGCCACATA,11,50,4501,2215,0.0
30x40,30x40,ACGCTCGACGAACTTA,30,40,7314,2607,0.0
29x24,29x24,ACGTATCAAGAGTCAA,29,24,7571,3115,0.0
31x41,31x41,ACCTCCAACGACTGGA,31,41,4257,1581,0.0
1x26,1x26,GCCACATAAGCAGGAA,1,26,757,519,0.0
26x19,26x19,AGATCGCAACAGCAGA,26,19,532,377,0.0
29x38,29x38,ACGTATCACCGTGAGA,29,38,1249,741,0.0
49x12,49x12,AAACATCGAGTACAAG,49,12,118,97,0.0
40x12,40x12,CTGTAGCCAGTACAAG,40,12,116,101,0.0
39x33,39x33,AGTACAAGCACTTCGA,39,33,256,174,0.0
37x39,37x39,AACCGAGACCTCCTGA,37,39,3277,1643,0.0
29x27,29x27,ACGTATCAAGTCACTA,29,27,529,352,0.0
23x31,23x31,ATCCTGTAGACTAGTA,23,31,2326,979,0.0
24x41,24x41,AGTCACTACGACTGGA,24,41,1956,880,0.0
28x39,28x39,ACTATGCACCTCCTGA,28,39,3097,1579,0.0
32x28,32x28,ACAGCAGAATCCTGTA,32,28,383,230,0.0
25x38,25x38,AGCAGGAACCGTGAGA,25,38,593,386,0.0
18x33,18x33,CACTTCGACACTTCGA,18,33,3278,1619,0.0
16x29,16x29,CATACCAAATTGAGGA,16,29,440,332,0.0
31x36,31x36,ACCTCCAACCAGTTCA,31,36,1703,922,0.0
37x5,37x5,AACCGAGAACCACTGT,37,5,558,423,0.0
3x33,3x33,GAGCTGAACACTTCGA,3,33,467,313,0.0
31x30,31x30,ACCTCCAACAACCACA,31,30,7526,2742,0.0
25x33,25x33,AGCAGGAACACTTCGA,25,33,7111,2599,0.0
32x30,32x30,ACAGCAGACAACCACA,32,30,630,396,0.0
28x50,28x50,ACTATGCAGCCACATA,28,50,1545,979,0.0
18x44,18x44,CACTTCGACTGAGCCA,18,44,289,222,0.0
43x38,43x38,CATCAAGTCCGTGAGA,43,38,107,73,0.0
24x27,24x27,AGTCACTAAGTCACTA,24,27,1528,758,0.0
1x33,1x33,GCCACATACACTTCGA,1,33,3617,1669,0.0
34x32,34x32,AAGGTACACAATGGAA,34,32,7253,2442,0.0
28x33,28x33,ACTATGCACACTTCGA,28,33,7832,2718,0.0
20x35,20x35,GACTAGTACATACCAA,20,35,2820,1444,0.0
30x28,30x28,ACGCTCGAATCCTGTA,30,28,414,228,0.0
31x13,31x13,ACCTCCAAAACAACCA,31,13,802,522,0.0
33x31,33x31,ACACAGAAGACTAGTA,33,31,1084,557,0.0
20x37,20x37,GACTAGTACCGAAGTA,20,37,9302,3243,0.0
28x31,28x31,ACTATGCAGACTAGTA,28,31,4376,1737,0.0
17x49,17x49,CAGCGTTAGATAGACA,17,49,877,613,0.0
20x29,20x29,GACTAGTAATTGAGGA,20,29,8165,2826,0.0
8x47,8x47,CTCAATGACAAGACTA,8,47,1407,899,0.0
23x33,23x33,ATCCTGTACACTTCGA,23,33,3500,1569,0.0
49x1,49x1,AAACATCGAACGTGAT,49,1,3059,1627,0.0
32x31,32x31,ACAGCAGAGACTAGTA,32,31,3592,1481,0.0
22x8,22x8,ATTGAGGACATCAAGT,22,8,287,217,0.0
18x30,18x30,CACTTCGACAACCACA,18,30,7455,2768,0.0
36x40,36x40,AACGCTTACGAACTTA,36,40,374,257,0.0
23x36,23x36,ATCCTGTACCAGTTCA,23,36,705,446,0.0
33x41,33x41,ACACAGAACGACTGGA,33,41,5262,1942,0.0
28x24,28x24,ACTATGCAAGAGTCAA,28,24,5232,2408,0.0
9x40,9x40,CGCATACACGAACTTA,9,40,498,380,0.0
38x35,38x35,AACAACCACATACCAA,38,35,4724,2092,0.0
25x28,25x28,AGCAGGAAATCCTGTA,25,28,6974,2444,0.0
21x34,21x34,CAACCACACAGCGTTA,21,34,2411,1237,0.0
25x36,25x36,AGCAGGAACCAGTTCA,25,36,3531,1728,0.0
12x50,12x50,CCTCCTGAGCCACATA,12,50,1532,966,0.0
29x25,29x25,ACGTATCAAGATCGCA,29,25,215,172,0.0
34x40,34x40,AAGGTACACGAACTTA,34,40,12602,3668,0.0
14x48,14x48,CCGAAGTAGAGCTGAA,14,48,1417,943,0.0
47x5,47x5,AGTGGTCAACCACTGT,47,5,3812,2019,0.0
29x33,29x33,ACGTATCACACTTCGA,29,33,4427,1655,0.0
30x24,30x24,ACGCTCGAAGAGTCAA,30,24,4722,2294,0.0
4x42,4x42,CAAGACTACGCATACA,4,42,538,376,0.0
1x20,1x20,GCCACATAACCTCCAA,1,20,612,424,0.0
32x41,32x41,ACAGCAGACGACTGGA,32,41,4060,1778,0.0
33x32,33x32,ACACAGAACAATGGAA,33,32,1976,1050,0.0
46x3,46x3,ACCACTGTATGCCTAA,46,3,893,603,0.0
24x29,24x29,AGTCACTAATTGAGGA,24,29,7582,2843,0.0
45x15,45x15,ACATTGGCAACGCTTA,45,15,143,111,0.0
19x29,19x29,CAATGGAAATTGAGGA,19,29,10867,3378,0.0
33x33,33x33,ACACAGAACACTTCGA,33,33,7042,2298,0.0
23x35,23x35,ATCCTGTACATACCAA,23,35,3659,1771,0.0
31x40,31x40,ACCTCCAACGAACTTA,31,40,5869,2371,0.0
1x31,1x31,GCCACATAGACTAGTA,1,31,1030,576,0.0
21x50,21x50,CAACCACAGCCACATA,21,50,747,542,0.0
47x4,47x4,AGTGGTCAAGTGGTCA,47,4,339,242,0.0
50x4,50x4,AACGTGATAGTGGTCA,50,4,773,534,0.0
30x32,30x32,ACGCTCGACAATGGAA,30,32,3270,1356,0.0
1x28,1x28,GCCACATAATCCTGTA,1,28,3458,1690,0.0
48x5,48x5,ATGCCTAAACCACTGT,48,5,332,246,0.0
23x29,23x29,ATCCTGTAATTGAGGA,23,29,8108,2929,0.0
50x15,50x15,AACGTGATAACGCTTA,50,15,184,147,0.0
27x34,27x34,AGAGTCAACAGCGTTA,27,34,4620,1796,0.0
35x29,35x29,AAGACGGAATTGAGGA,35,29,244,182,0.0
16x38,16x38,CATACCAACCGTGAGA,16,38,2411,1262,0.0
28x38,28x38,ACTATGCACCGTGAGA,28,38,1014,608,0.0
37x33,37x33,AACCGAGACACTTCGA,37,33,14538,3738,0.0
21x28,21x28,CAACCACAATCCTGTA,21,28,8186,2793,0.0
32x24,32x24,ACAGCAGAAGAGTCAA,32,24,1111,734,0.0
22x42,22x42,ATTGAGGACGCATACA,22,42,2970,1512,0.0
27x19,27x19,AGAGTCAAACAGCAGA,27,19,733,498,0.0
37x24,37x24,AACCGAGAAGAGTCAA,37,24,221,174,0.0
28x13,28x13,ACTATGCAAACAACCA,28,13,406,301,0.0
28x35,28x35,ACTATGCACATACCAA,28,35,4100,1968,0.0
39x37,39x37,AGTACAAGCCGAAGTA,39,37,788,481,0.0
38x9,38x9,AACAACCACGCTGATC,38,9,268,201,0.0
22x31,22x31,ATTGAGGAGACTAGTA,22,31,1201,430,0.0
30x35,30x35,ACGCTCGACATACCAA,30,35,1415,790,0.0
3x40,3x40,GAGCTGAACGAACTTA,3,40,1443,933,0.0
18x34,18x34,CACTTCGACAGCGTTA,18,34,5437,2020,0.0
50x5,50x5,AACGTGATACCACTGT,50,5,3128,1674,0.0
9x50,9x50,CGCATACAGCCACATA,9,50,1046,730,0.0
12x49,12x49,CCTCCTGAGATAGACA,12,49,648,490,0.0
21x29,21x29,CAACCACAATTGAGGA,21,29,7458,2474,0.0
50x9,50x9,AACGTGATCGCTGATC,50,9,892,590,0.0
3x21,3x21,GAGCTGAAACGCTCGA,3,21,659,485,0.0
25x49,25x49,AGCAGGAAGATAGACA,25,49,3619,1870,0.0
21x36,21x36,CAACCACACCAGTTCA,21,36,2695,1464,0.0
26x39,26x39,AGATCGCACCTCCTGA,26,39,1348,840,0.0
29x42,29x42,ACGTATCACGCATACA,29,42,4177,1682,0.0
28x36,28x36,ACTATGCACCAGTTCA,28,36,1493,779,0.0
4x21,4x21,CAAGACTAACGCTCGA,4,21,1441,919,0.0
29x37,29x37,ACGTATCACCGAAGTA,29,37,1029,634,0.0
28x20,28x20,ACTATGCAACCTCCAA,28,20,976,641,0.0
47x47,47x47,AGTGGTCACAAGACTA,47,47,91,75,0.0
15x36,15x36,CCAGTTCACCAGTTCA,15,36,7987,2976,0.0
20x32,20x32,GACTAGTACAATGGAA,20,32,1942,1049,0.0
7x46,7x46,CTGAGCCAGAATCTGA,7,46,139,123,0.0
50x8,50x8,AACGTGATCATCAAGT,50,8,1686,1055,0.0
50x11,50x11,AACGTGATCTGTAGCC,50,11,476,343,0.0
12x43,12x43,CCTCCTGACTCAATGA,12,43,610,431,0.0
26x32,26x32,AGATCGCACAATGGAA,26,32,3445,1494,0.0
19x35,19x35,CAATGGAACATACCAA,19,35,2737,1453,0.0
20x36,20x36,GACTAGTACCAGTTCA,20,36,5008,2135,0.0
46x5,46x5,ACCACTGTACCACTGT,46,5,903,658,0.0
21x32,21x32,CAACCACACAATGGAA,21,32,2276,1161,0.0
35x35,35x35,AAGACGGACATACCAA,35,35,2322,1168,0.0
44x5,44x5,CAGATCTGACCACTGT,44,5,407,282,0.0
8x48,8x48,CTCAATGAGAGCTGAA,8,48,1206,811,0.0
33x40,33x40,ACACAGAACGAACTTA,33,40,7634,2760,0.0
27x29,27x29,AGAGTCAAATTGAGGA,27,29,2966,1395,0.0
33x9,33x9,ACACAGAACGCTGATC,33,9,537,410,0.0
29x34,29x34,ACGTATCACAGCGTTA,29,34,4245,1620,0.0
11x43,11x43,CGAACTTACTCAATGA,11,43,508,365,0.0
12x38,12x38,CCTCCTGACCGTGAGA,12,38,98,86,0.0
15x28,15x28,CCAGTTCAATCCTGTA,15,28,341,252,0.0
34x33,34x33,AAGGTACACACTTCGA,34,33,6328,2187,0.0
31x8,31x8,ACCTCCAACATCAAGT,31,8,431,327,0.0
26x31,26x31,AGATCGCAGACTAGTA,26,31,669,362,0.0
13x49,13x49,CCGTGAGAGATAGACA,13,49,175,146,0.0
28x15,28x15,ACTATGCAAACGCTTA,28,15,407,309,0.0
2x29,2x29,GATAGACAATTGAGGA,2,29,892,587,0.0
33x35,33x35,ACACAGAACATACCAA,33,35,1637,963,0.0
15x19,15x19,CCAGTTCAACAGCAGA,15,19,169,144,0.0
23x42,23x42,ATCCTGTACGCATACA,23,42,1119,634,0.0
32x35,32x35,ACAGCAGACATACCAA,32,35,831,473,0.0
6x39,6x39,CTGGCATACCTCCTGA,6,39,1509,996,0.0
19x33,19x33,CAATGGAACACTTCGA,19,33,8160,3067,0.0
27x38,27x38,AGAGTCAACCGTGAGA,27,38,918,571,0.0
17x32,17x32,CAGCGTTACAATGGAA,17,32,6741,2486,0.0
31x29,31x29,ACCTCCAAATTGAGGA,31,29,1541,877,0.0
38x36,38x36,AACAACCACCAGTTCA,38,36,6812,2703,0.0
32x33,32x33,ACAGCAGACACTTCGA,32,33,8695,2752,0.0
47x1,47x1,AGTGGTCAAACGTGAT,47,1,643,431,0.0
42x4,42x4,CGCTGATCAGTGGTCA,42,4,190,111,0.0
20x43,20x43,GACTAGTACTCAATGA,20,43,170,142,0.0
36x36,36x36,AACGCTTACCAGTTCA,36,36,2260,1210,0.0
34x39,34x39,AAGGTACACCTCCTGA,34,39,1397,834,0.0
15x33,15x33,CCAGTTCACACTTCGA,15,33,3179,1460,0.0
1x32,1x32,GCCACATACAATGGAA,1,32,1740,946,0.0
41x37,41x37,ACAAGCTACCGAAGTA,41,37,1396,891,0.0
27x32,27x32,AGAGTCAACAATGGAA,27,32,938,517,0.0
35x34,35x34,AAGACGGACAGCGTTA,35,34,2497,1137,0.0
36x33,36x33,AACGCTTACACTTCGA,36,33,5439,2017,0.0
29x41,29x41,ACGTATCACGACTGGA,29,41,3705,1451,0.0
22x24,22x24,ATTGAGGAAGAGTCAA,22,24,632,468,0.0
22x32,22x32,ATTGAGGACAATGGAA,22,32,1710,864,0.0
30x31,30x31,ACGCTCGAGACTAGTA,30,31,4277,1622,0.0
27x30,27x30,AGAGTCAACAACCACA,27,30,1039,608,0.0
24x31,24x31,AGTCACTAGACTAGTA,24,31,4613,1749,0.0
15x48,15x48,CCAGTTCAGAGCTGAA,15,48,1401,936,0.0
17x47,17x47,CAGCGTTACAAGACTA,17,47,611,442,0.0
14x14,14x14,CCGAAGTAAACCGAGA,14,14,219,168,0.0
10x29,10x29,CGACTGGAATTGAGGA,10,29,189,132,0.0
19x8,19x8,CAATGGAACATCAAGT,19,8,176,138,0.0
43x25,43x25,CATCAAGTAGATCGCA,43,25,119,100,0.0
23x28,23x28,ATCCTGTAATCCTGTA,23,28,6264,2186,0.0
14x41,14x41,CCGAAGTACGACTGGA,14,41,141,117,0.0
40x39,40x39,CTGTAGCCCCTCCTGA,40,39,875,623,0.0
28x41,28x41,ACTATGCACGACTGGA,28,41,3012,1285,0.0
31x23,31x23,ACCTCCAAACTATGCA,31,23,125,101,0.0
21x31,21x31,CAACCACAGACTAGTA,21,31,1435,560,0.0
34x41,34x41,AAGGTACACGACTGGA,34,41,2254,953,0.0
9x46,9x46,CGCATACAGAATCTGA,9,46,1639,1061,0.0
21x37,21x37,CAACCACACCGAAGTA,21,37,1636,976,0.0
10x15,10x15,CGACTGGAAACGCTTA,10,15,317,237,0.0
22x37,22x37,ATTGAGGACCGAAGTA,22,37,3757,1822,0.0
19x46,19x46,CAATGGAAGAATCTGA,19,46,549,399,0.0
19x37,19x37,CAATGGAACCGAAGTA,19,37,6152,2460,0.0
48x9,48x9,ATGCCTAACGCTGATC,48,9,191,159,0.0
8x49,8x49,CTCAATGAGATAGACA,8,49,1007,717,0.0
3x30,3x30,GAGCTGAACAACCACA,3,30,153,124,0.0
22x34,22x34,ATTGAGGACAGCGTTA,22,34,1191,693,0.0
40x23,40x23,CTGTAGCCACTATGCA,40,23,258,195,0.0
37x25,37x25,AACCGAGAAGATCGCA,37,25,820,569,0.0
22x38,22x38,ATTGAGGACCGTGAGA,22,38,1318,837,0.0
28x14,28x14,ACTATGCAAACCGAGA,28,14,165,127,0.0
50x7,50x7,AACGTGATCAGATCTG,50,7,1042,649,0.0
33x36,33x36,ACACAGAACCAGTTCA,33,36,2411,1184,0.0
32x40,32x40,ACAGCAGACGAACTTA,32,40,3353,1574,0.0
1x29,1x29,GCCACATAATTGAGGA,1,29,2435,1317,0.0
24x28,24x28,AGTCACTAATCCTGTA,24,28,6275,2170,0.0
24x23,24x23,AGTCACTAACTATGCA,24,23,603,433,0.0
17x33,17x33,CAGCGTTACACTTCGA,17,33,7930,2945,0.0
24x37,24x37,AGTCACTACCGAAGTA,24,37,2651,1471,0.0
25x12,25x12,AGCAGGAAAGTACAAG,25,12,451,342,0.0
15x37,15x37,CCAGTTCACCGAAGTA,15,37,5068,2257,0.0
30x27,30x27,ACGCTCGAAGTCACTA,30,27,599,410,0.0
41x23,41x23,ACAAGCTAACTATGCA,41,23,83,66,0.0
37x35,37x35,AACCGAGACATACCAA,37,35,3036,1340,0.0
5x20,5x20,GAATCTGAACCTCCAA,5,20,787,571,0.0
2x40,2x40,GATAGACACGAACTTA,2,40,1116,735,0.0
32x10,32x10,ACAGCAGAACAAGCTA,32,10,159,127,0.0
8x30,8x30,CTCAATGACAACCACA,8,30,180,145,0.0
18x32,18x32,CACTTCGACAATGGAA,18,32,2706,1335,0.0
10x20,10x20,CGACTGGAACCTCCAA,10,20,1046,704,0.0
19x42,19x42,CAATGGAACGCATACA,19,42,251,176,0.0
22x30,22x30,ATTGAGGACAACCACA,22,30,2495,1306,0.0
38x31,38x31,AACAACCAGACTAGTA,38,31,399,257,0.0
12x46,12x46,CCTCCTGAGAATCTGA,12,46,1419,893,0.0
26x13,26x13,AGATCGCAAACAACCA,26,13,400,304,0.0
2x33,2x33,GATAGACACACTTCGA,2,33,568,335,0.0
23x26,23x26,ATCCTGTAAGCAGGAA,23,26,257,179,0.0
7x44,7x44,CTGAGCCACTGAGCCA,7,44,809,536,0.0
26x33,26x33,AGATCGCACACTTCGA,26,33,9353,2945,0.0
29x32,29x32,ACGTATCACAATGGAA,29,32,3674,1659,0.0
22x35,22x35,ATTGAGGACATACCAA,22,35,2123,1095,0.0
2x37,2x37,GATAGACACCGAAGTA,2,37,534,383,0.0
38x32,38x32,AACAACCACAATGGAA,38,32,466,293,0.0
22x39,22x39,ATTGAGGACCTCCTGA,22,39,1204,798,0.0
27x42,27x42,AGAGTCAACGCATACA,27,42,3585,1604,0.0
17x26,17x26,CAGCGTTAAGCAGGAA,17,26,151,112,0.0
28x25,28x25,ACTATGCAAGATCGCA,28,25,165,120,0.0
35x32,35x32,AAGACGGACAATGGAA,35,32,5615,2145,0.0
36x28,36x28,AACGCTTAATCCTGTA,36,28,156,111,0.0
50x2,50x2,AACGTGATAAACATCG,50,2,1330,810,0.0
32x6,32x6,ACAGCAGAACATTGGC,32,6,89,58,0.0
25x45,25x45,AGCAGGAACTGGCATA,25,45,55,47,0.0
37x8,37x8,AACCGAGACATCAAGT,37,8,395,290,0.0
43x36,43x36,CATCAAGTCCAGTTCA,43,36,186,135,0.0
23x24,23x24,ATCCTGTAAGAGTCAA,23,24,1635,1011,0.0
13x17,13x17,CCGTGAGAAAGGTACA,13,17,71,57,0.0
38x37,38x37,AACAACCACCGAAGTA,38,37,4473,1958,0.0
40x28,40x28,CTGTAGCCATCCTGTA,40,28,108,70,0.0
1x23,1x23,GCCACATAACTATGCA,1,23,742,502,0.0
16x37,16x37,CATACCAACCGAAGTA,16,37,2749,1319,0.0
35x16,35x16,AAGACGGAAAGACGGA,35,16,122,93,0.0
20x24,20x24,GACTAGTAAGAGTCAA,20,24,557,438,0.0
4x40,4x40,CAAGACTACGAACTTA,4,40,1354,856,0.0
29x28,29x28,ACGTATCAATCCTGTA,29,28,375,226,0.0
26x36,26x36,AGATCGCACCAGTTCA,26,36,3196,1637,0.0
23x15,23x15,ATCCTGTAAACGCTTA,23,15,468,343,0.0
33x30,33x30,ACACAGAACAACCACA,33,30,500,312,0.0
35x31,35x31,AAGACGGAGACTAGTA,35,31,405,258,0.0
21x39,21x39,CAACCACACCTCCTGA,21,39,2236,1320,0.0
8x20,8x20,CTCAATGAACCTCCAA,8,20,424,317,0.0
39x32,39x32,AGTACAAGCAATGGAA,39,32,160,110,0.0
25x30,25x30,AGCAGGAACAACCACA,25,30,5412,2130,0.0
8x46,8x46,CTCAATGAGAATCTGA,8,46,1907,1163,0.0
35x40,35x40,AAGACGGACGAACTTA,35,40,3273,1492,0.0
20x34,20x34,GACTAGTACAGCGTTA,20,34,2260,1119,0.0
14x47,14x47,CCGAAGTACAAGACTA,14,47,806,563,0.0
25x44,25x44,AGCAGGAACTGAGCCA,25,44,129,99,0.0
28x29,28x29,ACTATGCAATTGAGGA,28,29,1906,1071,0.0
25x31,25x31,AGCAGGAAGACTAGTA,25,31,4326,1707,0.0
22x28,22x28,ATTGAGGAATCCTGTA,22,28,6234,2269,0.0
47x49,47x49,AGTGGTCAGATAGACA,47,49,3396,1797,0.0
27x35,27x35,AGAGTCAACATACCAA,27,35,2939,1446,0.0
20x38,20x38,GACTAGTACCGTGAGA,20,38,2862,1515,0.0
12x28,12x28,CCTCCTGAATCCTGTA,12,28,132,110,0.0
34x36,34x36,AAGGTACACCAGTTCA,34,36,2065,1048,0.0
20x47,20x47,GACTAGTACAAGACTA,20,47,508,363,0.0
20x30,20x30,GACTAGTACAACCACA,20,30,4394,1995,0.0
39x30,39x30,AGTACAAGCAACCACA,39,30,111,92,0.0
20x28,20x28,GACTAGTAATCCTGTA,20,28,2272,1169,0.0
19x31,19x31,CAATGGAAGACTAGTA,19,31,2066,940,0.0
26x29,26x29,AGATCGCAATTGAGGA,26,29,4258,1676,0.0
38x10,38x10,AACAACCAACAAGCTA,38,10,261,216,0.0
9x44,9x44,CGCATACACTGAGCCA,9,44,215,167,0.0
38x38,38x38,AACAACCACCGTGAGA,38,38,3747,1854,0.0
34x10,34x10,AAGGTACAACAAGCTA,34,10,824,584,0.0
17x48,17x48,CAGCGTTAGAGCTGAA,17,48,765,565,0.0
1x30,1x30,GCCACATACAACCACA,1,30,1343,792,0.0
37x30,37x30,AACCGAGACAACCACA,37,30,316,225,0.0
23x46,23x46,ATCCTGTAGAATCTGA,23,46,60,45,0.0
47x2,47x2,AGTGGTCAAAACATCG,47,2,413,287,0.0
38x2,38x2,AACAACCAAAACATCG,38,2,308,206,0.0
46x39,46x39,ACCACTGTCCTCCTGA,46,39,125,117,0.0
41x33,41x33,ACAAGCTACACTTCGA,41,33,216,135,0.0
16x40,16x40,CATACCAACGAACTTA,16,40,345,259,0.0
33x29,33x29,ACACAGAAATTGAGGA,33,29,1139,712,0.0
31x27,31x27,ACCTCCAAAGTCACTA,31,27,248,185,0.0
21x41,21x41,CAACCACACGACTGGA,21,41,1455,717,0.0
23x39,23x39,ATCCTGTACCTCCTGA,23,39,1813,1095,0.0
24x42,24x42,AGTCACTACGCATACA,24,42,1993,1042,0.0
11x32,11x32,CGAACTTACAATGGAA,11,32,182,132,0.0
21x42,21x42,CAACCACACGCATACA,21,42,693,460,0.0
16x35,16x35,CATACCAACATACCAA,16,35,3865,1808,0.0
41x28,41x28,ACAAGCTAATCCTGTA,41,28,132,90,0.0
13x15,13x15,CCGTGAGAAACGCTTA,13,15,190,129,0.0
5x39,5x39,GAATCTGACCTCCTGA,5,39,363,290,0.0
28x9,28x9,ACTATGCACGCTGATC,28,9,235,182,0.0
38x25,38x25,AACAACCAAGATCGCA,38,25,276,213,0.0
10x46,10x46,CGACTGGAGAATCTGA,10,46,895,614,0.0
21x35,21x35,CAACCACACATACCAA,21,35,1953,1088,0.0
29x46,29x46,ACGTATCAGAATCTGA,29,46,134,112,0.0
14x49,14x49,CCGAAGTAGATAGACA,14,49,390,301,0.0
23x27,23x27,ATCCTGTAAGTCACTA,23,27,3955,1725,0.0
35x39,35x39,AAGACGGACCTCCTGA,35,39,2803,1434,0.0
24x30,24x30,AGTCACTACAACCACA,24,30,3798,1676,0.0
19x34,19x34,CAATGGAACAGCGTTA,19,34,4490,1812,0.0
37x2,37x2,AACCGAGAAAACATCG,37,2,151,106,0.0
11x49,11x49,CGAACTTAGATAGACA,11,49,834,581,0.0
26x30,26x30,AGATCGCACAACCACA,26,30,3436,1457,0.0
35x15,35x15,AAGACGGAAACGCTTA,35,15,293,204,0.0
32x7,32x7,ACAGCAGACAGATCTG,32,7,126,99,0.0
31x32,31x32,ACCTCCAACAATGGAA,31,32,6292,2202,0.0
21x38,21x38,CAACCACACCGTGAGA,21,38,2894,1556,0.0
33x5,33x5,ACACAGAAACCACTGT,33,5,305,208,0.0
24x34,24x34,AGTCACTACAGCGTTA,24,34,1325,669,0.0
23x9,23x9,ATCCTGTACGCTGATC,23,9,540,413,0.0
9x48,9x48,CGCATACAGAGCTGAA,9,48,1992,1187,0.0
7x21,7x21,CTGAGCCAACGCTCGA,7,21,305,251,0.0
27x28,27x28,AGAGTCAAATCCTGTA,27,28,667,387,0.0
17x35,17x35,CAGCGTTACATACCAA,17,35,3010,1418,0.0
20x15,20x15,GACTAGTAAACGCTTA,20,15,101,83,0.0
25x32,25x32,AGCAGGAACAATGGAA,25,32,2066,1028,0.0
41x24,41x24,ACAAGCTAAGAGTCAA,41,24,324,231,0.0
16x31,16x31,CATACCAAGACTAGTA,16,31,334,219,0.0
26x9,26x9,AGATCGCACGCTGATC,26,9,132,91,0.0
9x20,9x20,CGCATACAACCTCCAA,9,20,719,507,0.0
29x49,29x49,ACGTATCAGATAGACA,29,49,1118,749,0.0
10x50,10x50,CGACTGGAGCCACATA,10,50,3028,1668,0.0
38x34,38x34,AACAACCACAGCGTTA,38,34,1515,803,0.0
31x19,31x19,ACCTCCAAACAGCAGA,31,19,236,192,0.0
19x28,19x28,CAATGGAAATCCTGTA,19,28,1041,527,0.0
37x34,37x34,AACCGAGACAGCGTTA,37,34,3981,1571,0.0
12x42,12x42,CCTCCTGACGCATACA,12,42,522,384,0.0
9x47,9x47,CGCATACACAAGACTA,9,47,2299,1373,0.0
19x10,19x10,CAATGGAAACAAGCTA,19,10,73,52,0.0
37x7,37x7,AACCGAGACAGATCTG,37,7,291,224,0.0
23x34,23x34,ATCCTGTACAGCGTTA,23,34,3407,1447,0.0
37x31,37x31,AACCGAGAGACTAGTA,37,31,459,288,0.0
35x28,35x28,AAGACGGAATCCTGTA,35,28,414,278,0.0
25x42,25x42,AGCAGGAACGCATACA,25,42,2713,1376,0.0
26x15,26x15,AGATCGCAAACGCTTA,26,15,155,128,0.0
25x37,25x37,AGCAGGAACCGAAGTA,25,37,1272,796,0.0
50x49,50x49,AACGTGATGATAGACA,50,49,1621,1009,0.0
33x6,33x6,ACACAGAAACATTGGC,33,6,65,58,0.0
17x29,17x29,CAGCGTTAATTGAGGA,17,29,338,244,0.0
33x49,33x49,ACACAGAAGATAGACA,33,49,1312,867,0.0
49x5,49x5,AAACATCGACCACTGT,49,5,1297,843,0.0
29x29,29x29,ACGTATCAATTGAGGA,29,29,811,518,0.0
30x36,30x36,ACGCTCGACCAGTTCA,30,36,1690,856,0.0
26x35,26x35,AGATCGCACATACCAA,26,35,3583,1598,0.0
34x49,34x49,AAGGTACAGATAGACA,34,49,1094,750,0.0
8x41,8x41,CTCAATGACGACTGGA,8,41,279,225,0.0
24x40,24x40,AGTCACTACGAACTTA,24,40,1934,1138,0.0
14x46,14x46,CCGAAGTAGAATCTGA,14,46,385,302,0.0
8x45,8x45,CTCAATGACTGGCATA,8,45,1869,1128,0.0
38x8,38x8,AACAACCACATCAAGT,38,8,415,319,0.0
37x36,37x36,AACCGAGACCAGTTCA,37,36,4020,1836,0.0
32x36,32x36,ACAGCAGACCAGTTCA,32,36,1482,846,0.0
18x15,18x15,CACTTCGAAACGCTTA,18,15,398,289,0.0
34x8,34x8,AAGGTACACATCAAGT,34,8,694,515,0.0
18x45,18x45,CACTTCGACTGGCATA,18,45,474,358,0.0
6x21,6x21,CTGGCATAACGCTCGA,6,21,633,451,0.0
11x39,11x39,CGAACTTACCTCCTGA,11,39,779,559,0.0
14x31,14x31,CCGAAGTAGACTAGTA,14,31,180,142,0.0
18x49,18x49,CACTTCGAGATAGACA,18,49,734,517,0.0
6x33,6x33,CTGGCATACACTTCGA,6,33,307,208,0.0
28x28,28x28,ACTATGCAATCCTGTA,28,28,702,424,0.0
24x45,24x45,AGTCACTACTGGCATA,24,45,74,60,0.0
30x39,30x39,ACGCTCGACCTCCTGA,30,39,359,271,0.0
18x36,18x36,CACTTCGACCAGTTCA,18,36,1949,966,0.0
39x9,39x9,AGTACAAGCGCTGATC,39,9,207,174,0.0
18x50,18x50,CACTTCGAGCCACATA,18,50,460,338,0.0
29x50,29x50,ACGTATCAGCCACATA,29,50,1716,1064,0.0
43x2,43x2,CATCAAGTAAACATCG,43,2,159,120,0.0
30x49,30x49,ACGCTCGAGATAGACA,30,49,1009,687,0.0
11x20,11x20,CGAACTTAACCTCCAA,11,20,702,497,0.0
25x41,25x41,AGCAGGAACGACTGGA,25,41,1569,726,0.0
17x28,17x28,CAGCGTTAATCCTGTA,17,28,276,171,0.0
40x21,40x21,CTGTAGCCACGCTCGA,40,21,290,231,0.0
33x34,33x34,ACACAGAACAGCGTTA,33,34,1435,719,0.0
36x41,36x41,AACGCTTACGACTGGA,36,41,379,202,0.0
37x38,37x38,AACCGAGACCGTGAGA,37,38,1666,927,0.0
23x32,23x32,ATCCTGTACAATGGAA,23,32,5841,2254,0.0
19x45,19x45,CAATGGAACTGGCATA,19,45,254,197,0.0
29x31,29x31,ACGTATCAGACTAGTA,29,31,3657,1505,0.0
15x49,15x49,CCAGTTCAGATAGACA,15,49,388,301,0.0
36x34,36x34,AACGCTTACAGCGTTA,36,34,2863,1265,0.0
16x34,16x34,CATACCAACAGCGTTA,16,34,2743,1248,0.0
17x39,17x39,CAGCGTTACCTCCTGA,17,39,488,381,0.0
17x41,17x41,CAGCGTTACGACTGGA,17,41,453,199,0.0
39x21,39x21,AGTACAAGACGCTCGA,39,21,149,123,0.0
30x34,30x34,ACGCTCGACAGCGTTA,30,34,2364,1061,0.0
47x41,47x41,AGTGGTCACGACTGGA,47,41,112,81,0.0
28x21,28x21,ACTATGCAACGCTCGA,28,21,239,159,0.0
19x26,19x26,CAATGGAAAGCAGGAA,19,26,99,63,0.0
16x36,16x36,CATACCAACCAGTTCA,16,36,4219,1707,0.0
41x22,41x22,ACAAGCTAACGTATCA,41,22,88,78,0.0
28x32,28x32,ACTATGCACAATGGAA,28,32,4019,1598,0.0
36x39,36x39,AACGCTTACCTCCTGA,36,39,2053,1121,0.0
44x37,44x37,CAGATCTGCCGAAGTA,44,37,152,103,0.0
32x49,32x49,ACAGCAGAGATAGACA,32,49,965,691,0.0
11x47,11x47,CGAACTTACAAGACTA,11,47,102,87,0.0
25x35,25x35,AGCAGGAACATACCAA,25,35,2363,1180,0.0
34x50,34x50,AAGGTACAGCCACATA,34,50,215,168,0.0
41x21,41x21,ACAAGCTAACGCTCGA,41,21,47,38,0.0
22x10,22x10,ATTGAGGAACAAGCTA,22,10,458,357,0.0
40x32,40x32,CTGTAGCCCAATGGAA,40,32,177,121,0.0
40x6,40x6,CTGTAGCCACATTGGC,40,6,137,106,0.0
5x25,5x25,GAATCTGAAGATCGCA,5,25,458,354,0.0
41x5,41x5,ACAAGCTAACCACTGT,41,5,290,216,0.0
8x44,8x44,CTCAATGACTGAGCCA,8,44,92,78,0.0
16x45,16x45,CATACCAACTGGCATA,16,45,77,61,0.0
23x23,23x23,ATCCTGTAACTATGCA,23,23,559,414,0.0
24x33,24x33,AGTCACTACACTTCGA,24,33,2518,1309,0.0
10x47,10x47,CGACTGGACAAGACTA,10,47,668,457,0.0
5x33,5x33,GAATCTGACACTTCGA,5,33,461,319,0.0
9x45,9x45,CGCATACACTGGCATA,9,45,404,303,0.0
34x19,34x19,AAGGTACAACAGCAGA,34,19,202,155,0.0
39x22,39x22,AGTACAAGACGTATCA,39,22,28,20,0.0
4x20,4x20,CAAGACTAACCTCCAA,4,20,685,501,0.0
35x30,35x30,AAGACGGACAACCACA,35,30,793,502,0.0
27x43,27x43,AGAGTCAACTCAATGA,27,43,2358,1275,0.0
27x41,27x41,AGAGTCAACGACTGGA,27,41,1957,931,0.0
1x25,1x25,GCCACATAAGATCGCA,1,25,1597,984,0.0
29x39,29x39,ACGTATCACCTCCTGA,29,39,1439,907,0.0
31x49,31x49,ACCTCCAAGATAGACA,31,49,1003,677,0.0
38x18,38x18,AACAACCAACACAGAA,38,18,123,91,0.0
50x13,50x13,AACGTGATAACAACCA,50,13,211,150,0.0
41x8,41x8,ACAAGCTACATCAAGT,41,8,209,176,0.0
17x13,17x13,CAGCGTTAAACAACCA,17,13,929,637,0.0
5x21,5x21,GAATCTGAACGCTCGA,5,21,1715,1103,0.0
35x25,35x25,AAGACGGAAGATCGCA,35,25,403,316,0.0
35x7,35x7,AAGACGGACAGATCTG,35,7,138,113,0.0
42x15,42x15,CGCTGATCAACGCTTA,42,15,170,137,0.0
29x43,29x43,ACGTATCACTCAATGA,29,43,417,260,0.0
49x2,49x2,AAACATCGAAACATCG,49,2,605,410,0.0
1x36,1x36,GCCACATACCAGTTCA,1,36,2009,1078,0.0
6x34,6x34,CTGGCATACAGCGTTA,6,34,61,39,0.0
15x14,15x14,CCAGTTCAAACCGAGA,15,14,142,114,0.0
38x40,38x40,AACAACCACGAACTTA,38,40,642,435,0.0
48x1,48x1,ATGCCTAAAACGTGAT,48,1,1037,652,0.0
23x38,23x38,ATCCTGTACCGTGAGA,23,38,1100,720,0.0
1x40,1x40,GCCACATACGAACTTA,1,40,2213,1212,0.0
23x40,23x40,ATCCTGTACGAACTTA,23,40,2113,1216,0.0
23x41,23x41,ATCCTGTACGACTGGA,23,41,1326,684,0.0
35x36,35x36,AAGACGGACCAGTTCA,35,36,2185,1055,0.0
42x38,42x38,CGCTGATCCCGTGAGA,42,38,295,226,0.0
29x15,29x15,ACGTATCAAACGCTTA,29,15,344,258,0.0
12x39,12x39,CCTCCTGACCTCCTGA,12,39,914,637,0.0
13x28,13x28,CCGTGAGAATCCTGTA,13,28,58,48,0.0
45x20,45x20,ACATTGGCACCTCCAA,45,20,102,66,0.0
47x3,47x3,AGTGGTCAATGCCTAA,47,3,522,346,0.0
39x35,39x35,AGTACAAGCATACCAA,39,35,304,232,0.0
38x39,38x39,AACAACCACCTCCTGA,38,39,1358,882,0.0
32x29,32x29,ACAGCAGAATTGAGGA,32,29,669,381,0.0
13x47,13x47,CCGTGAGACAAGACTA,13,47,101,89,0.0
5x41,5x41,GAATCTGACGACTGGA,5,41,435,300,0.0
32x43,32x43,ACAGCAGACTCAATGA,32,43,233,163,0.0
29x14,29x14,ACGTATCAAACCGAGA,29,14,111,87,0.0
18x13,18x13,CACTTCGAAACAACCA,18,13,454,335,0.0
45x33,45x33,ACATTGGCCACTTCGA,45,33,454,321,0.0
38x14,38x14,AACAACCAAACCGAGA,38,14,135,112,0.0
42x32,42x32,CGCTGATCCAATGGAA,42,32,160,111,0.0
19x50,19x50,CAATGGAAGCCACATA,19,50,680,496,0.0
43x4,43x4,CATCAAGTAGTGGTCA,43,4,159,103,0.0
11x41,11x41,CGAACTTACGACTGGA,11,41,192,143,0.0
36x14,36x14,AACGCTTAAACCGAGA,36,14,63,43,0.0
25x46,25x46,AGCAGGAAGAATCTGA,25,46,186,143,0.0
21x47,21x47,CAACCACACAAGACTA,21,47,122,104,0.0
22x46,22x46,ATTGAGGAGAATCTGA,22,46,75,62,0.0
29x8,29x8,ACGTATCACATCAAGT,29,8,173,134,0.0
19x49,19x49,CAATGGAAGATAGACA,19,49,853,613,0.0
36x35,36x35,AACGCTTACATACCAA,36,35,1854,918,0.0
21x15,21x15,CAACCACAAACGCTTA,21,15,271,208,0.0
34x5,34x5,AAGGTACAACCACTGT,34,5,266,208,0.0
36x30,36x30,AACGCTTACAACCACA,36,30,221,157,0.0
15x45,15x45,CCAGTTCACTGGCATA,15,45,134,120,0.0
38x33,38x33,AACAACCACACTTCGA,38,33,1301,724,0.0
5x43,5x43,GAATCTGACTCAATGA,5,43,771,546,0.0
32x8,32x8,ACAGCAGACATCAAGT,32,8,409,298,0.0
22x40,22x40,ATTGAGGACGAACTTA,22,40,1110,679,0.0
23x10,23x10,ATCCTGTAACAAGCTA,23,10,355,269,0.0
1x35,1x35,GCCACATACATACCAA,1,35,863,482,0.0
15x31,15x31,CCAGTTCAGACTAGTA,15,31,154,105,0.0
1x24,1x24,GCCACATAAGAGTCAA,1,24,550,390,0.0
21x24,21x24,CAACCACAAGAGTCAA,21,24,910,634,0.0
3x20,3x20,GAGCTGAAACCTCCAA,3,20,1080,738,0.0
13x41,13x41,CCGTGAGACGACTGGA,13,41,145,100,0.0
12x47,12x47,CCTCCTGACAAGACTA,12,47,112,94,0.0
26x38,26x38,AGATCGCACCGTGAGA,26,38,478,332,0.0
33x24,33x24,ACACAGAAAGAGTCAA,33,24,348,254,0.0
19x12,19x12,CAATGGAAAGTACAAG,19,12,316,226,0.0
40x30,40x30,CTGTAGCCCAACCACA,40,30,213,155,0.0
27x36,27x36,AGAGTCAACCAGTTCA,27,36,2609,1378,0.0
28x22,28x22,ACTATGCAACGTATCA,28,22,84,68,0.0
31x42,31x42,ACCTCCAACGCATACA,31,42,709,434,0.0
43x39,43x39,CATCAAGTCCTCCTGA,43,39,159,135,0.0
2x19,2x19,GATAGACAACAGCAGA,2,19,397,288,0.0
25x39,25x39,AGCAGGAACCTCCTGA,25,39,2155,1261,0.0
38x42,38x42,AACAACCACGCATACA,38,42,808,573,0.0
26x41,26x41,AGATCGCACGACTGGA,26,41,1195,495,0.0
34x29,34x29,AAGGTACAATTGAGGA,34,29,614,390,0.0
25x19,25x19,AGCAGGAAACAGCAGA,25,19,368,286,0.0
20x39,20x39,GACTAGTACCTCCTGA,20,39,1434,924,0.0
37x26,37x26,AACCGAGAAGCAGGAA,37,26,210,162,0.0
41x34,41x34,ACAAGCTACAGCGTTA,41,34,211,141,0.0
25x40,25x40,AGCAGGAACGAACTTA,25,40,1419,790,0.0
20x40,20x40,GACTAGTACGAACTTA,20,40,1295,799,0.0
31x28,31x28,ACCTCCAAATCCTGTA,31,28,638,370,0.0
32x34,32x34,ACAGCAGACAGCGTTA,32,34,1325,605,0.0
34x28,34x28,AAGGTACAATCCTGTA,34,28,326,205,0.0
1x39,1x39,GCCACATACCTCCTGA,1,39,1248,811,0.0
48x8,48x8,ATGCCTAACATCAAGT,48,8,262,203,0.0
1x34,1x34,GCCACATACAGCGTTA,1,34,1392,679,0.0
21x9,21x9,CAACCACACGCTGATC,21,9,239,191,0.0
11x35,11x35,CGAACTTACATACCAA,11,35,247,196,0.0
24x35,24x35,AGTCACTACATACCAA,24,35,824,540,0.0
37x13,37x13,AACCGAGAAACAACCA,37,13,382,262,0.0
1x41,1x41,GCCACATACGACTGGA,1,41,724,405,0.0
40x29,40x29,CTGTAGCCATTGAGGA,40,29,143,109,0.0
40x42,40x42,CTGTAGCCCGCATACA,40,42,229,165,0.0
33x39,33x39,ACACAGAACCTCCTGA,33,39,1188,784,0.0
24x13,24x13,AGTCACTAAACAACCA,24,13,230,185,0.0
36x24,36x24,AACGCTTAAGAGTCAA,36,24,208,158,0.0
32x13,32x13,ACAGCAGAAACAACCA,32,13,220,183,0.0
47x11,47x11,AGTGGTCACTGTAGCC,47,11,30,20,0.0
9x42,9x42,CGCATACACGCATACA,9,42,602,412,0.0
40x26,40x26,CTGTAGCCAGCAGGAA,40,26,19,14,0.0
33x27,33x27,ACACAGAAAGTCACTA,33,27,237,171,0.0
22x50,22x50,ATTGAGGAGCCACATA,22,50,583,424,0.0
46x7,46x7,ACCACTGTCAGATCTG,46,7,86,70,0.0
37x40,37x40,AACCGAGACGAACTTA,37,40,699,470,0.0
50x3,50x3,AACGTGATATGCCTAA,50,3,782,525,0.0
27x40,27x40,AGAGTCAACGAACTTA,27,40,2120,1138,0.0
22x43,22x43,ATTGAGGACTCAATGA,22,43,203,143,0.0
28x30,28x30,ACTATGCACAACCACA,28,30,2119,1147,0.0
12x15,12x15,CCTCCTGAAACGCTTA,12,15,179,144,0.0
2x28,2x28,GATAGACAATCCTGTA,2,28,638,383,0.0
4x23,4x23,CAAGACTAACTATGCA,4,23,347,272,0.0
36x27,36x27,AACGCTTAAGTCACTA,36,27,52,39,0.0
26x12,26x12,AGATCGCAAGTACAAG,26,12,216,180,0.0
8x40,8x40,CTCAATGACGAACTTA,8,40,304,245,0.0
32x50,32x50,ACAGCAGAGCCACATA,32,50,168,144,0.0
38x24,38x24,AACAACCAAGAGTCAA,38,24,194,168,0.0
36x13,36x13,AACGCTTAAACAACCA,36,13,167,135,0.0
20x11,20x11,GACTAGTACTGTAGCC,20,11,100,65,0.0
36x6,36x6,AACGCTTAACATTGGC,36,6,130,105,0.0
9x39,9x39,CGCATACACCTCCTGA,9,39,164,141,0.0
12x20,12x20,CCTCCTGAACCTCCAA,12,20,109,85,0.0
37x19,37x19,AACCGAGAACAGCAGA,37,19,173,139,0.0
22x15,22x15,ATTGAGGAAACGCTTA,22,15,391,303,0.0
14x29,14x29,CCGAAGTAATTGAGGA,14,29,229,166,0.0
20x41,20x41,GACTAGTACGACTGGA,20,41,1455,786,0.0
41x6,41x6,ACAAGCTAACATTGGC,41,6,180,144,0.0
27x12,27x12,AGAGTCAAAGTACAAG,27,12,107,86,0.0
2x38,2x38,GATAGACACCGTGAGA,2,38,933,622,0.0
15x43,15x43,CCAGTTCACTCAATGA,15,43,198,169,0.0
35x38,35x38,AAGACGGACCGTGAGA,35,38,188,117,0.0
39x11,39x11,AGTACAAGCTGTAGCC,39,11,85,74,0.0
42x12,42x12,CGCTGATCAGTACAAG,42,12,97,85,0.0
38x17,38x17,AACAACCAAAGGTACA,38,17,70,61,0.0
40x25,40x25,CTGTAGCCAGATCGCA,40,25,159,121,0.0
49x8,49x8,AAACATCGCATCAAGT,49,8,1255,840,0.0
37x15,37x15,AACCGAGAAACGCTTA,37,15,188,138,0.0
5x23,5x23,GAATCTGAACTATGCA,5,23,293,234,0.0
11x40,11x40,CGAACTTACGAACTTA,11,40,848,586,0.0
34x48,34x48,AAGGTACAGAGCTGAA,34,48,143,118,0.0
9x28,9x28,CGCATACAATCCTGTA,9,28,180,135,0.0
25x10,25x10,AGCAGGAAACAAGCTA,25,10,310,226,0.0
30x19,30x19,ACGCTCGAACAGCAGA,30,19,154,114,0.0
20x31,20x31,GACTAGTAGACTAGTA,20,31,1159,544,0.0
13x32,13x32,CCGTGAGACAATGGAA,13,32,322,250,0.0
36x38,36x38,AACGCTTACCGTGAGA,36,38,177,108,0.0
17x37,17x37,CAGCGTTACCGAAGTA,17,37,749,477,0.0
23x47,23x47,ATCCTGTACAAGACTA,23,47,79,71,0.0
38x13,38x13,AACAACCAAACAACCA,38,13,232,174,0.0
14x28,14x28,CCGAAGTAATCCTGTA,14,28,331,262,0.0
28x43,28x43,ACTATGCACTCAATGA,28,43,1468,876,0.0
10x28,10x28,CGACTGGAATCCTGTA,10,28,223,161,0.0
37x18,37x18,AACCGAGAACACAGAA,37,18,122,96,0.0
39x39,39x39,AGTACAAGCCTCCTGA,39,39,835,561,0.0
16x49,16x49,CATACCAAGATAGACA,16,49,406,301,0.0
14x50,14x50,CCGAAGTAGCCACATA,14,50,670,502,0.0
25x21,25x21,AGCAGGAAACGCTCGA,25,21,380,244,0.0
41x10,41x10,ACAAGCTAACAAGCTA,41,10,70,57,0.0
2x21,2x21,GATAGACAACGCTCGA,2,21,437,331,0.0
16x39,16x39,CATACCAACCTCCTGA,16,39,139,114,0.0
7x42,7x42,CTGAGCCACGCATACA,7,42,267,193,0.0
14x36,14x36,CCGAAGTACCAGTTCA,14,36,305,225,0.0
35x10,35x10,AAGACGGAACAAGCTA,35,10,223,181,0.0
27x14,27x14,AGAGTCAAAACCGAGA,27,14,219,173,0.0
10x39,10x39,CGACTGGACCTCCTGA,10,39,451,341,0.0
43x43,43x43,CATCAAGTCTCAATGA,43,43,192,145,0.0
35x44,35x44,AAGACGGACTGAGCCA,35,44,234,186,0.0
40x7,40x7,CTGTAGCCCAGATCTG,40,7,256,210,0.0
40x37,40x37,CTGTAGCCCCGAAGTA,40,37,1376,878,0.0
46x4,46x4,ACCACTGTAGTGGTCA,46,4,207,155,0.0
13x44,13x44,CCGTGAGACTGAGCCA,13,44,128,113,0.0
33x25,33x25,ACACAGAAAGATCGCA,33,25,138,104,0.0
2x27,2x27,GATAGACAAGTCACTA,2,27,285,212,0.0
7x22,7x22,CTGAGCCAACGTATCA,7,22,77,68,0.0
1x38,1x38,GCCACATACCGTGAGA,1,38,828,524,0.0
24x10,24x10,AGTCACTAACAAGCTA,24,10,240,177,0.0
35x22,35x22,AAGACGGAACGTATCA,35,22,39,30,0.0
7x31,7x31,CTGAGCCAGACTAGTA,7,31,105,70,0.0
14x40,14x40,CCGAAGTACGAACTTA,14,40,167,137,0.0
44x20,44x20,CAGATCTGACCTCCAA,44,20,62,55,0.0
36x9,36x9,AACGCTTACGCTGATC,36,9,158,120,0.0
43x29,43x29,CATCAAGTATTGAGGA,43,29,115,76,0.0
36x5,36x5,AACGCTTAACCACTGT,36,5,375,284,0.0
42x42,42x42,CGCTGATCCGCATACA,42,42,281,230,0.0
17x36,17x36,CAGCGTTACCAGTTCA,17,36,2051,941,0.0
22x13,22x13,ATTGAGGAAACAACCA,22,13,178,134,0.0
38x12,38x12,AACAACCAAGTACAAG,38,12,512,373,0.0
17x15,17x15,CAGCGTTAAACGCTTA,17,15,505,338,0.0
21x48,21x48,CAACCACAGAGCTGAA,21,48,197,138,0.0
44x35,44x35,CAGATCTGCATACCAA,44,35,77,63,0.0
24x32,24x32,AGTCACTACAATGGAA,24,32,3531,1529,0.0
39x8,39x8,AGTACAAGCATCAAGT,39,8,286,221,0.0
42x14,42x14,CGCTGATCAACCGAGA,42,14,642,440,0.0
16x17,16x17,CATACCAAAAGGTACA,16,17,56,50,0.0
9x30,9x30,CGCATACACAACCACA,9,30,194,160,0.0
2x39,2x39,GATAGACACCTCCTGA,2,39,486,367,0.0
35x11,35x11,AAGACGGACTGTAGCC,35,11,82,62,0.0
31x9,31x9,ACCTCCAACGCTGATC,31,9,300,223,0.0
22x17,22x17,ATTGAGGAAAGGTACA,22,17,72,63,0.0
44x24,44x24,CAGATCTGAGAGTCAA,44,24,245,194,0.0
18x37,18x37,CACTTCGACCGAAGTA,18,37,408,286,0.0
3x34,3x34,GAGCTGAACAGCGTTA,3,34,642,436,0.0
3x37,3x37,GAGCTGAACCGAAGTA,3,37,256,202,0.0
15x50,15x50,CCAGTTCAGCCACATA,15,50,450,339,0.0
26x37,26x37,AGATCGCACCGAAGTA,26,37,1107,711,0.0
37x42,37x42,AACCGAGACGCATACA,37,42,367,273,0.0
5x22,5x22,GAATCTGAACGTATCA,5,22,325,245,0.0
15x13,15x13,CCAGTTCAAACAACCA,15,13,330,249,0.0
17x45,17x45,CAGCGTTACTGGCATA,17,45,147,108,0.0
20x49,20x49,GACTAGTAGATAGACA,20,49,463,351,0.0
15x39,15x39,CCAGTTCACCTCCTGA,15,39,177,135,0.0
37x9,37x9,AACCGAGACGCTGATC,37,9,188,152,0.0
39x20,39x20,AGTACAAGACCTCCAA,39,20,117,72,0.0
14x19,14x19,CCGAAGTAACAGCAGA,14,19,185,154,0.0
15x47,15x47,CCAGTTCACAAGACTA,15,47,721,521,0.0
31x50,31x50,ACCTCCAAGCCACATA,31,50,843,587,0.0
20x13,20x13,GACTAGTAAACAACCA,20,13,545,416,0.0
7x19,7x19,CTGAGCCAACAGCAGA,7,19,128,100,0.0
6x44,6x44,CTGGCATACTGAGCCA,6,44,676,481,0.0
35x19,35x19,AAGACGGAACAGCAGA,35,19,326,261,0.0
20x27,20x27,GACTAGTAAGTCACTA,20,27,245,197,0.0
3x29,3x29,GAGCTGAAATTGAGGA,3,29,213,177,0.0
35x23,35x23,AAGACGGAACTATGCA,35,23,373,270,0.0
21x26,21x26,CAACCACAAGCAGGAA,21,26,314,231,0.0
2x20,2x20,GATAGACAACCTCCAA,2,20,711,506,0.0
21x10,21x10,CAACCACAACAAGCTA,21,10,374,279,0.0
8x19,8x19,CTCAATGAACAGCAGA,8,19,365,287,0.0
20x42,20x42,GACTAGTACGCATACA,20,42,247,181,0.0
5x18,5x18,GAATCTGAACACAGAA,5,18,198,162,0.0
39x16,39x16,AGTACAAGAAGACGGA,39,16,75,58,0.0
24x7,24x7,AGTCACTACAGATCTG,24,7,227,160,0.0
41x11,41x11,ACAAGCTACTGTAGCC,41,11,54,45,0.0
7x25,7x25,CTGAGCCAAGATCGCA,7,25,369,270,0.0
42x39,42x39,CGCTGATCCCTCCTGA,42,39,139,122,0.0
3x23,3x23,GAGCTGAAACTATGCA,3,23,482,371,0.0
6x35,6x35,CTGGCATACATACCAA,6,35,75,56,0.0
44x15,44x15,CAGATCTGAACGCTTA,44,15,266,213,0.0
19x47,19x47,CAATGGAACAAGACTA,19,47,353,255,0.0
10x45,10x45,CGACTGGACTGGCATA,10,45,284,211,0.0
29x36,29x36,ACGTATCACCAGTTCA,29,36,1396,729,0.0
34x27,34x27,AAGGTACAAGTCACTA,34,27,155,115,0.0
50x35,50x35,AACGTGATCATACCAA,50,35,878,425,0.0
43x17,43x17,CATCAAGTAAGGTACA,43,17,65,55,0.0
41x15,41x15,ACAAGCTAAACGCTTA,41,15,212,173,0.0
15x29,15x29,CCAGTTCAATTGAGGA,15,29,353,277,0.0
36x25,36x25,AACGCTTAAGATCGCA,36,25,762,530,0.0
14x15,14x15,CCGAAGTAAACGCTTA,14,15,216,174,0.0
4x29,4x29,CAAGACTAATTGAGGA,4,29,232,179,0.0
48x11,48x11,ATGCCTAACTGTAGCC,48,11,63,53,0.0
19x11,19x11,CAATGGAACTGTAGCC,19,11,106,67,0.0
13x40,13x40,CCGTGAGACGAACTTA,13,40,240,189,0.0
32x32,32x32,ACAGCAGACAATGGAA,32,32,1343,726,0.0
49x11,49x11,AAACATCGCTGTAGCC,49,11,144,111,0.0
18x29,18x29,CACTTCGAATTGAGGA,18,29,613,435,0.0
16x47,16x47,CATACCAACAAGACTA,16,47,317,237,0.0
17x31,17x31,CAGCGTTAGACTAGTA,17,31,309,187,0.0
45x4,45x4,ACATTGGCAGTGGTCA,45,4,144,95,0.0
35x13,35x13,AAGACGGAAACAACCA,35,13,315,261,0.0
12x14,12x14,CCTCCTGAAACCGAGA,12,14,183,135,0.0
38x43,38x43,AACAACCACTCAATGA,38,43,156,134,0.0
15x40,15x40,CCAGTTCACGAACTTA,15,40,326,229,0.0
44x2,44x2,CAGATCTGAAACATCG,44,2,236,184,0.0
13x50,13x50,CCGTGAGAGCCACATA,13,50,454,344,0.0
6x19,6x19,CTGGCATAACAGCAGA,6,19,528,397,0.0
33x42,33x42,ACACAGAACGCATACA,33,42,234,157,0.0
43x19,43x19,CATCAAGTACAGCAGA,43,19,395,310,0.0
40x11,40x11,CTGTAGCCCTGTAGCC,40,11,106,91,0.0
5x36,5x36,GAATCTGACCAGTTCA,5,36,154,104,0.0
34x14,34x14,AAGGTACAAACCGAGA,34,14,195,141,0.0
30x45,30x45,ACGCTCGACTGGCATA,30,45,192,156,0.0
22x49,22x49,ATTGAGGAGATAGACA,22,49,752,543,0.0
16x14,16x14,CATACCAAAACCGAGA,16,14,305,234,0.0
8x21,8x21,CTCAATGAACGCTCGA,8,21,135,117,0.0
42x25,42x25,CGCTGATCAGATCGCA,42,25,109,86,0.0
41x13,41x13,ACAAGCTAAACAACCA,41,13,181,153,0.0
17x50,17x50,CAGCGTTAGCCACATA,17,50,373,296,0.0
39x19,39x19,AGTACAAGACAGCAGA,39,19,98,83,0.0
16x44,16x44,CATACCAACTGAGCCA,16,44,113,89,0.0
44x1,44x1,CAGATCTGAACGTGAT,44,1,292,205,0.0
16x11,16x11,CATACCAACTGTAGCC,16,11,127,96,0.0
38x16,38x16,AACAACCAAAGACGGA,38,16,68,50,0.0
19x32,19x32,CAATGGAACAATGGAA,19,32,1953,957,0.0
7x36,7x36,CTGAGCCACCAGTTCA,7,36,115,81,0.0
32x19,32x19,ACAGCAGAACAGCAGA,32,19,101,77,0.0
44x39,44x39,CAGATCTGCCTCCTGA,44,39,169,147,0.0
33x38,33x38,ACACAGAACCGTGAGA,33,38,223,143,0.0
4x25,4x25,CAAGACTAAGATCGCA,4,25,364,262,0.0
30x21,30x21,ACGCTCGAACGCTCGA,30,21,405,210,0.0
4x33,4x33,CAAGACTACACTTCGA,4,33,458,330,0.0
26x14,26x14,AGATCGCAAACCGAGA,26,14,186,146,0.0
19x41,19x41,CAATGGAACGACTGGA,19,41,510,320,0.0
26x18,26x18,AGATCGCAACACAGAA,26,18,181,142,0.0
41x39,41x39,ACAAGCTACCTCCTGA,41,39,139,117,0.0
34x7,34x7,AAGGTACACAGATCTG,34,7,357,265,0.0
38x23,38x23,AACAACCAACTATGCA,38,23,293,221,0.0
12x41,12x41,CCTCCTGACGACTGGA,12,41,190,116,0.0
31x25,31x25,ACCTCCAAAGATCGCA,31,25,172,138,0.0
25x47,25x47,AGCAGGAACAAGACTA,25,47,237,182,0.0
20x12,20x12,GACTAGTAAGTACAAG,20,12,288,225,0.0
13x46,13x46,CCGTGAGAGAATCTGA,13,46,504,376,0.0
46x33,46x33,ACCACTGTCACTTCGA,46,33,204,125,0.0
33x11,33x11,ACACAGAACTGTAGCC,33,11,61,49,0.0
11x19,11x19,CGAACTTAACAGCAGA,11,19,271,209,0.0
24x26,24x26,AGTCACTAAGCAGGAA,24,26,257,182,0.0
31x26,31x26,ACCTCCAAAGCAGGAA,31,26,170,120,0.0
48x10,48x10,ATGCCTAAACAAGCTA,48,10,74,58,0.0
13x37,13x37,CCGTGAGACCGAAGTA,13,37,140,108,0.0
43x5,43x5,CATCAAGTACCACTGT,43,5,302,211,0.0
30x15,30x15,ACGCTCGAAACGCTTA,30,15,262,202,0.0
6x45,6x45,CTGGCATACTGGCATA,6,45,252,212,0.0
49x3,49x3,AAACATCGATGCCTAA,49,3,239,174,0.0
10x14,10x14,CGACTGGAAACCGAGA,10,14,119,70,0.0
33x10,33x10,ACACAGAAACAAGCTA,33,10,244,185,0.0
7x35,7x35,CTGAGCCACATACCAA,7,35,121,96,0.0
43x20,43x20,CATCAAGTACCTCCAA,43,20,166,142,0.0
30x44,30x44,ACGCTCGACTGAGCCA,30,44,72,60,0.0
39x23,39x23,AGTACAAGACTATGCA,39,23,95,78,0.0
14x13,14x13,CCGAAGTAAACAACCA,14,13,178,150,0.0
10x37,10x37,CGACTGGACCGAAGTA,10,37,215,162,0.0
38x5,38x5,AACAACCAACCACTGT,38,5,235,168,0.0
14x37,14x37,CCGAAGTACCGAAGTA,14,37,363,245,0.0
31x39,31x39,ACCTCCAACCTCCTGA,31,39,768,549,0.0
43x32,43x32,CATCAAGTCAATGGAA,43,32,122,92,0.0
7x27,7x27,CTGAGCCAAGTCACTA,7,27,106,87,0.0
42x36,42x36,CGCTGATCCCAGTTCA,42,36,275,189,0.0
49x7,49x7,AAACATCGCAGATCTG,49,7,348,257,0.0
20x10,20x10,GACTAGTAACAAGCTA,20,10,181,137,0.0
21x13,21x13,CAACCACAAACAACCA,21,13,402,306,0.0
31x14,31x14,ACCTCCAAAACCGAGA,31,14,156,111,0.0
44x3,44x3,CAGATCTGATGCCTAA,44,3,213,137,0.0
33x4,33x4,ACACAGAAAGTGGTCA,33,4,84,64,0.0
7x28,7x28,CTGAGCCAATCCTGTA,7,28,148,105,0.0
22x16,22x16,ATTGAGGAAAGACGGA,22,16,115,95,0.0
22x41,22x41,ATTGAGGACGACTGGA,22,41,553,207,0.0
40x13,40x13,CTGTAGCCAACAACCA,40,13,110,95,0.0
6x40,6x40,CTGGCATACGAACTTA,6,40,531,385,0.0
27x7,27x7,AGAGTCAACAGATCTG,27,7,104,74,0.0
11x14,11x14,CGAACTTAAACCGAGA,11,14,156,128,0.0
38x29,38x29,AACAACCAATTGAGGA,38,29,347,227,0.0
45x2,45x2,ACATTGGCAAACATCG,45,2,272,207,0.0
21x27,21x27,CAACCACAAGTCACTA,21,27,340,254,0.0
33x13,33x13,ACACAGAAAACAACCA,33,13,139,109,0.0
17x14,17x14,CAGCGTTAAACCGAGA,17,14,182,140,0.0
46x17,46x17,ACCACTGTAAGGTACA,46,17,61,55,0.0
20x50,20x50,GACTAGTAGCCACATA,20,50,414,317,0.0
30x14,30x14,ACGCTCGAAACCGAGA,30,14,130,102,0.0
10x16,10x16,CGACTGGAAAGACGGA,10,16,130,92,0.0
10x18,10x18,CGACTGGAACACAGAA,10,18,169,132,0.0
47x39,47x39,AGTGGTCACCTCCTGA,47,39,67,61,0.0
21x44,21x44,CAACCACACTGAGCCA,21,44,98,68,0.0
7x40,7x40,CTGAGCCACGAACTTA,7,40,389,299,0.0
10x48,10x48,CGACTGGAGAGCTGAA,10,48,1389,847,0.0
25x8,25x8,AGCAGGAACATCAAGT,25,8,871,592,0.0
27x37,27x37,AGAGTCAACCGAAGTA,27,37,919,591,0.0
11x46,11x46,CGAACTTAGAATCTGA,11,46,523,392,0.0
25x18,25x18,AGCAGGAAACACAGAA,25,18,176,109,0.0
25x26,25x26,AGCAGGAAAGCAGGAA,25,26,370,241,0.0
22x44,22x44,ATTGAGGACTGAGCCA,22,44,164,134,0.0
48x2,48x2,ATGCCTAAAAACATCG,48,2,439,288,0.0
27x21,27x21,AGAGTCAAACGCTCGA,27,21,216,129,0.0
21x46,21x46,CAACCACAGAATCTGA,21,46,133,104,0.0
11x17,11x17,CGAACTTAAAGGTACA,11,17,72,57,0.0
7x20,7x20,CTGAGCCAACCTCCAA,7,20,182,149,0.0
3x41,3x41,GAGCTGAACGACTGGA,3,41,328,234,0.0
13x29,13x29,CCGTGAGAATTGAGGA,13,29,110,89,0.0
36x29,36x29,AACGCTTAATTGAGGA,36,29,186,141,0.0
15x30,15x30,CCAGTTCACAACCACA,15,30,254,197,0.0
25x16,25x16,AGCAGGAAAAGACGGA,25,16,110,82,0.0
43x24,43x24,CATCAAGTAGAGTCAA,43,24,245,188,0.0
47x50,47x50,AGTGGTCAGCCACATA,47,50,71,59,0.0
33x15,33x15,ACACAGAAAACGCTTA,33,15,151,115,0.0
34x25,34x25,AAGGTACAAGATCGCA,34,25,387,262,0.0
43x13,43x13,CATCAAGTAACAACCA,43,13,165,130,0.0
37x6,37x6,AACCGAGAACATTGGC,37,6,87,66,0.0
17x10,17x10,CAGCGTTAACAAGCTA,17,10,197,148,0.0
31x12,31x12,ACCTCCAAAGTACAAG,31,12,260,203,0.0
49x10,49x10,AAACATCGACAAGCTA,49,10,408,298,0.0
5x38,5x38,GAATCTGACCGTGAGA,5,38,365,271,0.0
27x31,27x31,AGAGTCAAGACTAGTA,27,31,1184,512,0.0
15x38,15x38,CCAGTTCACCGTGAGA,15,38,379,254,0.0
32x17,32x17,ACAGCAGAAAGGTACA,32,17,82,57,0.0
42x40,42x40,CGCTGATCCGAACTTA,42,40,153,108,0.0
16x12,16x12,CATACCAAAGTACAAG,16,12,130,112,0.0
3x28,3x28,GAGCTGAAATCCTGTA,3,28,201,135,0.0
7x45,7x45,CTGAGCCACTGGCATA,7,45,1024,650,0.0
41x38,41x38,ACAAGCTACCGTGAGA,41,38,836,571,0.0
42x37,42x37,CGCTGATCCCGAAGTA,42,37,264,200,0.0
25x15,25x15,AGCAGGAAAACGCTTA,25,15,282,212,0.0
38x20,38x20,AACAACCAACCTCCAA,38,20,274,212,0.0
30x38,30x38,ACGCTCGACCGTGAGA,30,38,442,272,0.0
29x18,29x18,ACGTATCAACACAGAA,29,18,143,110,0.0
6x37,6x37,CTGGCATACCGAAGTA,6,37,306,237,0.0
9x43,9x43,CGCATACACTCAATGA,9,43,225,168,0.0
33x17,33x17,ACACAGAAAAGGTACA,33,17,87,77,0.0
24x8,24x8,AGTCACTACATCAAGT,24,8,461,328,0.0
39x24,39x24,AGTACAAGAGAGTCAA,39,24,102,92,0.0
38x30,38x30,AACAACCACAACCACA,38,30,663,354,0.0
6x36,6x36,CTGGCATACCAGTTCA,6,36,113,89,0.0
36x26,36x26,AACGCTTAAGCAGGAA,36,26,168,118,0.0
17x12,17x12,CAGCGTTAAGTACAAG,17,12,209,159,0.0
24x18,24x18,AGTCACTAACACAGAA,24,18,109,64,0.0
24x16,24x16,AGTCACTAAAGACGGA,24,16,84,60,0.0
40x9,40x9,CTGTAGCCCGCTGATC,40,9,126,108,0.0
39x34,39x34,AGTACAAGCAGCGTTA,39,34,187,127,0.0
9x35,9x35,CGCATACACATACCAA,9,35,260,195,0.0
18x14,18x14,CACTTCGAAACCGAGA,18,14,226,177,0.0
41x14,41x14,ACAAGCTAAACCGAGA,41,14,131,100,0.0
29x44,29x44,ACGTATCACTGAGCCA,29,44,97,85,0.0
37x28,37x28,AACCGAGAATCCTGTA,37,28,208,126,0.0
44x4,44x4,CAGATCTGAGTGGTCA,44,4,175,118,0.0
8x28,8x28,CTCAATGAATCCTGTA,8,28,67,49,0.0
34x17,34x17,AAGGTACAAAGGTACA,34,17,125,102,0.0
14x45,14x45,CCGAAGTACTGGCATA,14,45,74,65,0.0
29x19,29x19,ACGTATCAACAGCAGA,29,19,348,259,0.0
28x23,28x23,ACTATGCAACTATGCA,28,23,156,89,0.0
18x17,18x17,CACTTCGAAAGGTACA,18,17,64,54,0.0
29x23,29x23,ACGTATCAACTATGCA,29,23,129,93,0.0
24x12,24x12,AGTCACTAAGTACAAG,24,12,267,211,0.0
40x36,40x36,CTGTAGCCCCAGTTCA,40,36,480,303,0.0
35x42,35x42,AAGACGGACGCATACA,35,42,180,140,0.0
19x48,19x48,CAATGGAAGAGCTGAA,19,48,256,205,0.0
4x22,4x22,CAAGACTAACGTATCA,4,22,242,188,0.0
44x19,44x19,CAGATCTGACAGCAGA,44,19,692,510,0.0
32x18,32x18,ACAGCAGAACACAGAA,32,18,142,109,0.0
39x40,39x40,AGTACAAGCGAACTTA,39,40,142,108,0.0
41x40,41x40,ACAAGCTACGAACTTA,41,40,168,118,0.0
18x42,18x42,CACTTCGACGCATACA,18,42,201,160,0.0
45x32,45x32,ACATTGGCCAATGGAA,45,32,146,106,0.0
39x5,39x5,AGTACAAGACCACTGT,39,5,394,287,0.0
39x41,39x41,AGTACAAGCGACTGGA,39,41,116,83,0.0
11x18,11x18,CGAACTTAACACAGAA,11,18,91,72,0.0
23x19,23x19,ATCCTGTAACAGCAGA,23,19,146,129,0.0
28x19,28x19,ACTATGCAACAGCAGA,28,19,573,426,0.0
23x44,23x44,ATCCTGTACTGAGCCA,23,44,121,94,0.0
50x36,50x36,AACGTGATCCAGTTCA,50,36,1457,607,0.0
20x7,20x7,GACTAGTACAGATCTG,20,7,184,149,0.0
25x23,25x23,AGCAGGAAACTATGCA,25,23,260,191,0.0
37x21,37x21,AACCGAGAACGCTCGA,37,21,366,217,0.0
9x38,9x38,CGCATACACCGTGAGA,9,38,123,94,0.0
40x5,40x5,CTGTAGCCACCACTGT,40,5,370,274,0.0
39x38,39x38,AGTACAAGCCGTGAGA,39,38,762,526,0.0
18x28,18x28,CACTTCGAATCCTGTA,18,28,244,169,0.0
23x14,23x14,ATCCTGTAAACCGAGA,23,14,258,195,0.0
9x31,9x31,CGCATACAGACTAGTA,9,31,201,146,0.0
7x16,7x16,CTGAGCCAAAGACGGA,7,16,63,57,0.0
27x44,27x44,AGAGTCAACTGAGCCA,27,44,186,152,0.0
9x17,9x17,CGCATACAAAGGTACA,9,17,82,71,0.0
37x4,37x4,AACCGAGAAGTGGTCA,37,4,115,89,0.0
32x39,32x39,ACAGCAGACCTCCTGA,32,39,96,78,0.0
42x23,42x23,CGCTGATCACTATGCA,42,23,65,52,0.0
37x12,37x12,AACCGAGAAGTACAAG,37,12,186,149,0.0
17x44,17x44,CAGCGTTACTGAGCCA,17,44,225,168,0.0
49x34,49x34,AAACATCGCAGCGTTA,49,34,388,195,0.0
4x18,4x18,CAAGACTAACACAGAA,4,18,104,85,0.0
20x48,20x48,GACTAGTAGAGCTGAA,20,48,175,128,0.0
14x34,14x34,CCGAAGTACAGCGTTA,14,34,235,153,0.0
25x13,25x13,AGCAGGAAAACAACCA,25,13,338,233,0.0
16x43,16x43,CATACCAACTCAATGA,16,43,131,107,0.0
49x9,49x9,AAACATCGCGCTGATC,49,9,443,341,0.0
19x13,19x13,CAATGGAAAACAACCA,19,13,342,253,0.0
45x1,45x1,ACATTGGCAACGTGAT,45,1,453,327,0.0
33x7,33x7,ACACAGAACAGATCTG,33,7,146,110,0.0
25x20,25x20,AGCAGGAAACCTCCAA,25,20,197,156,0.0
18x47,18x47,CACTTCGACAAGACTA,18,47,294,224,0.0
22x7,22x7,ATTGAGGACAGATCTG,22,7,76,69,0.0
13x33,13x33,CCGTGAGACACTTCGA,13,33,431,279,0.0
8x38,8x38,CTCAATGACCGTGAGA,8,38,53,39,0.0
28x12,28x12,ACTATGCAAGTACAAG,28,12,243,193,0.0
42x13,42x13,CGCTGATCAACAACCA,42,13,271,221,0.0
29x9,29x9,ACGTATCACGCTGATC,29,9,206,164,0.0
1x21,1x21,GCCACATAACGCTCGA,1,21,746,521,0.0
4x31,4x31,CAAGACTAGACTAGTA,4,31,105,65,0.0
21x14,21x14,CAACCACAAACCGAGA,21,14,223,170,0.0
21x11,21x11,CAACCACACTGTAGCC,21,11,133,97,0.0
25x7,25x7,AGCAGGAACAGATCTG,25,7,121,84,0.0
8x37,8x37,CTCAATGACCGAAGTA,8,37,106,87,0.0
10x41,10x41,CGACTGGACGACTGGA,10,41,146,86,0.0
31x10,31x10,ACCTCCAAACAAGCTA,31,10,280,192,0.0
19x25,19x25,CAATGGAAAGATCGCA,19,25,118,85,0.0
31x21,31x21,ACCTCCAAACGCTCGA,31,21,266,136,0.0
46x40,46x40,ACCACTGTCGAACTTA,46,40,165,127,0.0
14x38,14x38,CCGAAGTACCGTGAGA,14,38,141,103,0.0
34x15,34x15,AAGGTACAAACGCTTA,34,15,463,365,0.0
47x33,47x33,AGTGGTCACACTTCGA,47,33,211,124,0.0
17x17,17x17,CAGCGTTAAAGGTACA,17,17,88,65,0.0
27x20,27x20,AGAGTCAAACCTCCAA,27,20,236,183,0.0
7x26,7x26,CTGAGCCAAGCAGGAA,7,26,95,82,0.0
5x19,5x19,GAATCTGAACAGCAGA,5,19,341,244,0.0
2x41,2x41,GATAGACACGACTGGA,2,41,167,121,0.0
23x45,23x45,ATCCTGTACTGGCATA,23,45,82,65,0.0
12x18,12x18,CCTCCTGAACACAGAA,12,18,212,167,0.0
10x42,10x42,CGACTGGACGCATACA,10,42,254,183,0.0
22x18,22x18,ATTGAGGAACACAGAA,22,18,107,85,0.0
4x34,4x34,CAAGACTACAGCGTTA,4,34,346,224,0.0
21x8,21x8,CAACCACACATCAAGT,21,8,313,235,0.0
5x35,5x35,GAATCTGACATACCAA,5,35,589,426,0.0
44x41,44x41,CAGATCTGCGACTGGA,44,41,88,58,0.0
33x12,33x12,ACACAGAAAGTACAAG,33,12,119,90,0.0
34x24,34x24,AAGGTACAAGAGTCAA,34,24,423,294,0.0
24x48,24x48,AGTCACTAGAGCTGAA,24,48,171,142,0.0
48x34,48x34,ATGCCTAACAGCGTTA,48,34,129,77,0.0
37x27,37x27,AACCGAGAAGTCACTA,37,27,96,69,0.0
46x1,46x1,ACCACTGTAACGTGAT,46,1,645,430,0.0
14x12,14x12,CCGAAGTAAGTACAAG,14,12,98,73,0.0
15x41,15x41,CCAGTTCACGACTGGA,15,41,131,84,0.0
11x29,11x29,CGAACTTAATTGAGGA,11,29,345,258,0.0
39x6,39x6,AGTACAAGACATTGGC,39,6,82,61,0.0
31x46,31x46,ACCTCCAAGAATCTGA,31,46,160,116,0.0
22x22,22x22,ATTGAGGAACGTATCA,22,22,48,43,0.0
10x19,10x19,CGACTGGAACAGCAGA,10,19,432,336,0.0
38x41,38x41,AACAACCACGACTGGA,38,41,284,194,0.0
45x40,45x40,ACATTGGCCGAACTTA,45,40,89,71,0.0
15x18,15x18,CCAGTTCAACACAGAA,15,18,132,106,0.0
17x30,17x30,CAGCGTTACAACCACA,17,30,351,232,0.0
20x8,20x8,GACTAGTACATCAAGT,20,8,207,170,0.0
28x44,28x44,ACTATGCACTGAGCCA,28,44,138,106,0.0
40x35,40x35,CTGTAGCCCATACCAA,40,35,274,209,0.0
24x44,24x44,AGTCACTACTGAGCCA,24,44,254,206,0.0
2x18,2x18,GATAGACAACACAGAA,2,18,88,61,0.0
45x39,45x39,ACATTGGCCCTCCTGA,45,39,233,184,0.0
18x41,18x41,CACTTCGACGACTGGA,18,41,273,145,0.0
31x7,31x7,ACCTCCAACAGATCTG,31,7,180,120,0.0
3x22,3x22,GAGCTGAAACGTATCA,3,22,135,111,0.0
24x15,24x15,AGTCACTAAACGCTTA,24,15,183,119,0.0
12x19,12x19,CCTCCTGAACAGCAGA,12,19,500,365,0.0
6x18,6x18,CTGGCATAACACAGAA,6,18,156,125,0.0
11x48,11x48,CGAACTTAGAGCTGAA,11,48,119,100,0.0
15x27,15x27,CCAGTTCAAGTCACTA,15,27,93,70,0.0
40x41,40x41,CTGTAGCCCGACTGGA,40,41,122,91,0.0
32x47,32x47,ACAGCAGACAAGACTA,32,47,89,71,0.0
40x2,40x2,CTGTAGCCAAACATCG,40,2,109,88,0.0
29x13,29x13,ACGTATCAAACAACCA,29,13,207,154,0.0
26x48,26x48,AGATCGCAGAGCTGAA,26,48,205,163,0.0
4x39,4x39,CAAGACTACCTCCTGA,4,39,183,151,0.0
4x27,4x27,CAAGACTAAGTCACTA,4,27,81,67,0.0
35x9,35x9,AAGACGGACGCTGATC,35,9,270,213,0.0
26x8,26x8,AGATCGCACATCAAGT,26,8,243,176,0.0
47x8,47x8,AGTGGTCACATCAAGT,47,8,102,92,0.0
2x23,2x23,GATAGACAACTATGCA,2,23,269,198,0.0
40x8,40x8,CTGTAGCCCATCAAGT,40,8,204,175,0.0
13x38,13x38,CCGTGAGACCGTGAGA,13,38,145,107,0.0
20x44,20x44,GACTAGTACTGAGCCA,20,44,179,150,0.0
13x19,13x19,CCGTGAGAACAGCAGA,13,19,410,324,0.0
32x26,32x26,ACAGCAGAAGCAGGAA,32,26,136,118,0.0
34x31,34x31,AAGGTACAGACTAGTA,34,31,713,399,0.0
41x29,41x29,ACAAGCTAATTGAGGA,41,29,131,82,0.0
6x26,6x26,CTGGCATAAGCAGGAA,6,26,88,76,0.0
30x7,30x7,ACGCTCGACAGATCTG,30,7,168,125,0.0
38x22,38x22,AACAACCAACGTATCA,38,22,240,175,0.0
2x26,2x26,GATAGACAAGCAGGAA,2,26,130,102,0.0
48x3,48x3,ATGCCTAAATGCCTAA,48,3,309,194,0.0
34x42,34x42,AAGGTACACGCATACA,34,42,311,210,0.0
6x20,6x20,CTGGCATAACCTCCAA,6,20,321,252,0.0
35x6,35x6,AAGACGGAACATTGGC,35,6,171,139,0.0
35x27,35x27,AAGACGGAAGTCACTA,35,27,61,54,0.0
11x36,11x36,CGAACTTACCAGTTCA,11,36,175,120,0.0
15x44,15x44,CCAGTTCACTGAGCCA,15,44,348,254,0.0
42x19,42x19,CGCTGATCACAGCAGA,42,19,57,49,0.0
24x25,24x25,AGTCACTAAGATCGCA,24,25,200,138,0.0
6x17,6x17,CTGGCATAAAGGTACA,6,17,120,94,0.0
42x31,42x31,CGCTGATCGACTAGTA,42,31,92,62,0.0
44x31,44x31,CAGATCTGGACTAGTA,44,31,73,51,0.0
27x15,27x15,AGAGTCAAAACGCTTA,27,15,298,245,0.0
7x41,7x41,CTGAGCCACGACTGGA,7,41,295,207,0.0
17x18,17x18,CAGCGTTAACACAGAA,17,18,183,140,0.0
20x17,20x17,GACTAGTAAAGGTACA,20,17,100,81,0.0
25x25,25x25,AGCAGGAAAGATCGCA,25,25,159,111,0.0
6x43,6x43,CTGGCATACTCAATGA,6,43,649,443,0.0
26x7,26x7,AGATCGCACAGATCTG,26,7,143,118,0.0
41x36,41x36,ACAAGCTACCAGTTCA,41,36,190,131,0.0
33x47,33x47,ACACAGAACAAGACTA,33,47,155,115,0.0
32x11,32x11,ACAGCAGACTGTAGCC,32,11,55,48,0.0
44x36,44x36,CAGATCTGCCAGTTCA,44,36,218,161,0.0
47x40,47x40,AGTGGTCACGAACTTA,47,40,143,99,0.0
16x50,16x50,CATACCAAGCCACATA,16,50,284,232,0.0
46x2,46x2,ACCACTGTAAACATCG,46,2,221,160,0.0
34x38,34x38,AAGGTACACCGTGAGA,34,38,271,157,0.0
27x9,27x9,AGAGTCAACGCTGATC,27,9,219,150,0.0
23x18,23x18,ATCCTGTAACACAGAA,23,18,122,98,0.0
20x46,20x46,GACTAGTAGAATCTGA,20,46,258,195,0.0
2x22,2x22,GATAGACAACGTATCA,2,22,241,192,0.0
31x47,31x47,ACCTCCAACAAGACTA,31,47,232,182,0.0
30x42,30x42,ACGCTCGACGCATACA,30,42,699,438,0.0
27x16,27x16,AGAGTCAAAAGACGGA,27,16,121,92,0.0
37x17,37x17,AACCGAGAAAGGTACA,37,17,68,53,0.0
44x25,44x25,CAGATCTGAGATCGCA,44,25,74,67,0.0
11x44,11x44,CGAACTTACTGAGCCA,11,44,68,54,0.0
43x40,43x40,CATCAAGTCGAACTTA,43,40,160,118,0.0
37x22,37x22,AACCGAGAACGTATCA,37,22,155,121,0.0
28x7,28x7,ACTATGCACAGATCTG,28,7,199,145,0.0
4x24,4x24,CAAGACTAAGAGTCAA,4,24,66,63,0.0
28x8,28x8,ACTATGCACATCAAGT,28,8,244,183,0.0
4x19,4x19,CAAGACTAACAGCAGA,4,19,309,222,0.0
30x6,30x6,ACGCTCGAACATTGGC,30,6,72,55,0.0
11x38,11x38,CGAACTTACCGTGAGA,11,38,270,217,0.0
24x14,24x14,AGTCACTAAACCGAGA,24,14,183,143,0.0
9x37,9x37,CGCATACACCGAAGTA,9,37,234,176,0.0
47x34,47x34,AGTGGTCACAGCGTTA,47,34,250,149,0.0
2x34,2x34,GATAGACACAGCGTTA,2,34,463,311,0.0
23x22,23x22,ATCCTGTAACGTATCA,23,22,69,54,0.0
34x16,34x16,AAGGTACAAAGACGGA,34,16,137,100,0.0
37x10,37x10,AACCGAGAACAAGCTA,37,10,148,114,0.0
22x25,22x25,ATTGAGGAAGATCGCA,22,25,361,283,0.0
33x23,33x23,ACACAGAAACTATGCA,33,23,113,80,0.0
32x15,32x15,ACAGCAGAAACGCTTA,32,15,227,172,0.0
21x40,21x40,CAACCACACGAACTTA,21,40,1249,795,0.0
50x16,50x16,AACGTGATAAGACGGA,50,16,90,73,0.0
50x6,50x6,AACGTGATACATTGGC,50,6,410,287,0.0
6x42,6x42,CTGGCATACGCATACA,6,42,107,86,0.0
42x5,42x5,CGCTGATCACCACTGT,42,5,192,109,0.0
28x10,28x10,ACTATGCAACAAGCTA,28,10,161,112,0.0
31x5,31x5,ACCTCCAAACCACTGT,31,5,158,112,0.0
36x42,36x42,AACGCTTACGCATACA,36,42,154,117,0.0
40x40,40x40,CTGTAGCCCGAACTTA,40,40,170,123,0.0
5x17,5x17,GAATCTGAAAGGTACA,5,17,102,75,0.0
10x30,10x30,CGACTGGACAACCACA,10,30,256,184,0.0
37x29,37x29,AACCGAGAATTGAGGA,37,29,309,212,0.0
19x9,19x9,CAATGGAACGCTGATC,19,9,136,112,0.0
28x27,28x27,ACTATGCAAGTCACTA,28,27,562,384,0.0
34x30,34x30,AAGGTACACAACCACA,34,30,445,309,0.0
40x38,40x38,CTGTAGCCCCGTGAGA,40,38,595,418,0.0
3x18,3x18,GAGCTGAAACACAGAA,3,18,63,51,0.0
29x26,29x26,ACGTATCAAGCAGGAA,29,26,114,85,0.0
46x41,46x41,ACCACTGTCGACTGGA,46,41,169,126,0.0
23x11,23x11,ATCCTGTACTGTAGCC,23,11,95,74,0.0
18x9,18x9,CACTTCGACGCTGATC,18,9,147,114,0.0
6x41,6x41,CTGGCATACGACTGGA,6,41,292,224,0.0
12x13,12x13,CCTCCTGAAACAACCA,12,13,62,54,0.0
10x36,10x36,CGACTGGACCAGTTCA,10,36,246,174,0.0
22x23,22x23,ATTGAGGAACTATGCA,22,23,91,68,0.0
14x18,14x18,CCGAAGTAACACAGAA,14,18,37,30,0.0
32x42,32x42,ACAGCAGACGCATACA,32,42,326,252,0.0
30x13,30x13,ACGCTCGAAACAACCA,30,13,265,193,0.0
19x14,19x14,CAATGGAAAACCGAGA,19,14,220,152,0.0
44x21,44x21,CAGATCTGACGCTCGA,44,21,62,56,0.0
44x33,44x33,CAGATCTGCACTTCGA,44,33,233,152,0.0
31x34,31x34,ACCTCCAACAGCGTTA,31,34,1648,691,0.0
30x43,30x43,ACGCTCGACTCAATGA,30,43,177,126,0.0
27x10,27x10,AGAGTCAAACAAGCTA,27,10,110,79,0.0
4x32,4x32,CAAGACTACAATGGAA,4,32,231,165,0.0
18x26,18x26,CACTTCGAAGCAGGAA,18,26,87,63,0.0
39x13,39x13,AGTACAAGAACAACCA,39,13,50,45,0.0
3x38,3x38,GAGCTGAACCGTGAGA,3,38,141,97,0.0
46x8,46x8,ACCACTGTCATCAAGT,46,8,51,47,0.0
27x13,27x13,AGAGTCAAAACAACCA,27,13,346,247,0.0
25x11,25x11,AGCAGGAACTGTAGCC,25,11,184,141,0.0
35x24,35x24,AAGACGGAAGAGTCAA,35,24,216,161,0.0
16x32,16x32,CATACCAACAATGGAA,16,32,602,363,0.0
50x12,50x12,AACGTGATAGTACAAG,50,12,246,159,0.0
8x25,8x25,CTCAATGAAGATCGCA,8,25,171,127,0.0
13x14,13x14,CCGTGAGAAACCGAGA,13,14,115,83,0.0
32x9,32x9,ACAGCAGACGCTGATC,32,9,107,89,0.0
2x32,2x32,GATAGACACAATGGAA,2,32,281,188,0.0
1x19,1x19,GCCACATAACAGCAGA,1,19,328,229,0.0
43x42,43x42,CATCAAGTCGCATACA,43,42,74,59,0.0
36x7,36x7,AACGCTTACAGATCTG,36,7,120,98,0.0
41x7,41x7,ACAAGCTACAGATCTG,41,7,90,71,0.0
49x35,49x35,AAACATCGCATACCAA,49,35,266,182,0.0
42x26,42x26,CGCTGATCAGCAGGAA,42,26,40,26,0.0
39x7,39x7,AGTACAAGCAGATCTG,39,7,136,101,0.0
7x47,7x47,CTGAGCCACAAGACTA,7,47,122,107,0.0
10x17,10x17,CGACTGGAAAGGTACA,10,17,117,87,0.0
35x4,35x4,AAGACGGAAGTGGTCA,35,4,153,117,0.0
23x7,23x7,ATCCTGTACAGATCTG,23,7,322,235,0.0
50x14,50x14,AACGTGATAACCGAGA,50,14,186,133,0.0
42x3,42x3,CGCTGATCATGCCTAA,42,3,174,127,0.0
26x16,26x16,AGATCGCAAAGACGGA,26,16,85,58,0.0
35x12,35x12,AAGACGGAAGTACAAG,35,12,118,96,0.0
38x7,38x7,AACAACCACAGATCTG,38,7,199,164,0.0
18x40,18x40,CACTTCGACGAACTTA,18,40,556,377,0.0
3x32,3x32,GAGCTGAACAATGGAA,3,32,255,164,0.0
16x27,16x27,CATACCAAAGTCACTA,16,27,57,43,0.0
23x8,23x8,ATCCTGTACATCAAGT,23,8,546,390,0.0
43x3,43x3,CATCAAGTATGCCTAA,43,3,155,100,0.0
14x16,14x16,CCGAAGTAAAGACGGA,14,16,90,73,0.0
45x5,45x5,ACATTGGCACCACTGT,45,5,317,234,0.0
32x46,32x46,ACAGCAGAGAATCTGA,32,46,112,84,0.0
32x5,32x5,ACAGCAGAACCACTGT,32,5,126,91,0.0
32x14,32x14,ACAGCAGAAACCGAGA,32,14,69,56,0.0
49x6,49x6,AAACATCGACATTGGC,49,6,186,146,0.0
14x33,14x33,CCGAAGTACACTTCGA,14,33,468,316,0.0
29x7,29x7,ACGTATCACAGATCTG,29,7,112,73,0.0
15x16,15x16,CCAGTTCAAAGACGGA,15,16,95,76,0.0
10x38,10x38,CGACTGGACCGTGAGA,10,38,138,98,0.0
15x12,15x12,CCAGTTCAAGTACAAG,15,12,102,81,0.0
34x43,34x43,AAGGTACACTCAATGA,34,43,106,77,0.0
8x35,8x35,CTCAATGACATACCAA,8,35,104,82,0.0
36x8,36x8,AACGCTTACATCAAGT,36,8,248,204,0.0
8x17,8x17,CTCAATGAAAGGTACA,8,17,37,31,0.0
42x11,42x11,CGCTGATCCTGTAGCC,42,11,78,68,0.0
17x43,17x43,CAGCGTTACTCAATGA,17,43,112,86,0.0
25x17,25x17,AGCAGGAAAAGGTACA,25,17,88,73,0.0
32x22,32x22,ACAGCAGAACGTATCA,32,22,23,19,0.0
29x22,29x22,ACGTATCAACGTATCA,29,22,36,28,0.0
8x15,8x15,CTCAATGAAACGCTTA,8,15,110,77,0.0
45x43,45x43,ACATTGGCCTCAATGA,45,43,31,22,0.0
42x28,42x28,CGCTGATCATCCTGTA,42,28,85,59,0.0
24x47,24x47,AGTCACTACAAGACTA,24,47,131,113,0.0
8x16,8x16,CTCAATGAAAGACGGA,8,16,44,35,0.0
24x46,24x46,AGTCACTAGAATCTGA,24,46,117,93,0.0
26x6,26x6,AGATCGCAACATTGGC,26,6,65,52,0.0
6x28,6x28,CTGGCATAATCCTGTA,6,28,251,167,0.0
46x46,46x46,ACCACTGTGAATCTGA,46,46,40,39,0.0
27x48,27x48,AGAGTCAAGAGCTGAA,27,48,121,104,0.0
32x4,32x4,ACAGCAGAAGTGGTCA,32,4,91,77,0.0
29x11,29x11,ACGTATCACTGTAGCC,29,11,37,32,0.0
47x7,47x7,AGTGGTCACAGATCTG,47,7,83,73,0.0
44x43,44x43,CAGATCTGCTCAATGA,44,43,38,30,0.0
26x17,26x17,AGATCGCAAAGGTACA,26,17,70,51,0.0
48x40,48x40,ATGCCTAACGAACTTA,48,40,106,77,0.0
32x20,32x20,ACAGCAGAACCTCCAA,32,20,77,58,0.0
35x5,35x5,AAGACGGAACCACTGT,35,5,255,192,0.0
12x40,12x40,CCTCCTGACGAACTTA,12,40,177,137,0.0
43x18,43x18,CATCAAGTACACAGAA,43,18,65,56,0.0
29x17,29x17,ACGTATCAAAGGTACA,29,17,90,80,0.0
43x15,43x15,CATCAAGTAACGCTTA,43,15,205,161,0.0
44x40,44x40,CAGATCTGCGAACTTA,44,40,160,124,0.0
11x28,11x28,CGAACTTAATCCTGTA,11,28,176,123,0.0
12x32,12x32,CCTCCTGACAATGGAA,12,32,251,152,0.0
45x42,45x42,ACATTGGCCGCATACA,45,42,38,27,0.0
15x15,15x15,CCAGTTCAAACGCTTA,15,15,174,135,0.0
7x30,7x30,CTGAGCCACAACCACA,7,30,191,131,0.0
41x9,41x9,ACAAGCTACGCTGATC,41,9,64,54,0.0
14x30,14x30,CCGAAGTACAACCACA,14,30,134,108,0.0
43x34,43x34,CATCAAGTCAGCGTTA,43,34,177,131,0.0
46x50,46x50,ACCACTGTGCCACATA,46,50,54,49,0.0
17x40,17x40,CAGCGTTACGAACTTA,17,40,406,280,0.0
32x16,32x16,ACAGCAGAAAGACGGA,32,16,88,71,0.0
32x27,32x27,ACAGCAGAAGTCACTA,32,27,60,47,0.0
33x28,33x28,ACACAGAAATCCTGTA,33,28,265,177,0.0
8x39,8x39,CTCAATGACCTCCTGA,8,39,148,134,0.0
15x17,15x17,CCAGTTCAAAGGTACA,15,17,56,49,0.0
22x27,22x27,ATTGAGGAAGTCACTA,22,27,191,121,0.0
44x32,44x32,CAGATCTGCAATGGAA,44,32,112,74,0.0
9x27,9x27,CGCATACAAGTCACTA,9,27,36,28,0.0
23x48,23x48,ATCCTGTAGAGCTGAA,23,48,173,127,0.0
19x15,19x15,CAATGGAAAACGCTTA,19,15,228,174,0.0
36x31,36x31,AACGCTTAGACTAGTA,36,31,101,62,0.0
13x16,13x16,CCGTGAGAAAGACGGA,13,16,78,62,0.0
18x11,18x11,CACTTCGACTGTAGCC,18,11,134,77,0.0
49x4,49x4,AAACATCGAGTGGTCA,49,4,281,194,0.0
4x38,4x38,CAAGACTACCGTGAGA,4,38,109,83,0.0
43x22,43x22,CATCAAGTACGTATCA,43,22,66,51,0.0
24x22,24x22,AGTCACTAACGTATCA,24,22,53,43,0.0
22x36,22x36,ATTGAGGACCAGTTCA,22,36,639,442,0.0
18x18,18x18,CACTTCGAACACAGAA,18,18,124,104,0.0
46x48,46x48,ACCACTGTGAGCTGAA,46,48,70,51,0.0
32x44,32x44,ACAGCAGACTGAGCCA,32,44,39,29,0.0
12x17,12x17,CCTCCTGAAAGGTACA,12,17,48,40,0.0
11x42,11x42,CGAACTTACGCATACA,11,42,45,41,0.0
34x11,34x11,AAGGTACACTGTAGCC,34,11,137,113,0.0
21x43,21x43,CAACCACACTCAATGA,21,43,161,124,0.0
33x26,33x26,ACACAGAAAGCAGGAA,33,26,156,107,0.0
26x20,26x20,AGATCGCAACCTCCAA,26,20,66,51,0.0
30x8,30x8,ACGCTCGACATCAAGT,30,8,228,183,0.0
43x21,43x21,CATCAAGTACGCTCGA,43,21,86,72,0.0
21x18,21x18,CAACCACAACACAGAA,21,18,119,90,0.0
41x35,41x35,ACAAGCTACATACCAA,41,35,168,125,0.0
20x14,20x14,GACTAGTAAACCGAGA,20,14,185,144,0.0
31x20,31x20,ACCTCCAAACCTCCAA,31,20,174,140,0.0
5x37,5x37,GAATCTGACCGAAGTA,5,37,186,134,0.0
22x9,22x9,ATTGAGGACGCTGATC,22,9,251,190,0.0
7x38,7x38,CTGAGCCACCGTGAGA,7,38,139,89,0.0
5x26,5x26,GAATCTGAAGCAGGAA,5,26,179,154,0.0
29x45,29x45,ACGTATCACTGGCATA,29,45,399,304,0.0
30x10,30x10,ACGCTCGAACAAGCTA,30,10,160,110,0.0
16x13,16x13,CATACCAAAACAACCA,16,13,284,210,0.0
37x23,37x23,AACCGAGAACTATGCA,37,23,166,108,0.0
40x33,40x33,CTGTAGCCCACTTCGA,40,33,285,186,0.0
44x18,44x18,CAGATCTGACACAGAA,44,18,124,96,0.0
18x12,18x12,CACTTCGAAGTACAAG,18,12,163,127,0.0
8x43,8x43,CTCAATGACTCAATGA,8,43,116,91,0.0
17x11,17x11,CAGCGTTACTGTAGCC,17,11,107,68,0.0
20x26,20x26,GACTAGTAAGCAGGAA,20,26,137,116,0.0
34x44,34x44,AAGGTACACTGAGCCA,34,44,105,81,0.0
49x13,49x13,AAACATCGAACAACCA,49,13,135,101,0.0
30x12,30x12,ACGCTCGAAGTACAAG,30,12,174,138,0.0
48x12,48x12,ATGCCTAAAGTACAAG,48,12,35,33,0.0
40x19,40x19,CTGTAGCCACAGCAGA,40,19,87,70,0.0
22x26,22x26,ATTGAGGAAGCAGGAA,22,26,148,92,0.0
33x14,33x14,ACACAGAAAACCGAGA,33,14,106,87,0.0
8x26,8x26,CTCAATGAAGCAGGAA,8,26,60,59,0.0
4x30,4x30,CAAGACTACAACCACA,4,30,184,150,0.0
36x23,36x23,AACGCTTAACTATGCA,36,23,225,155,0.0
41x19,41x19,ACAAGCTAACAGCAGA,41,19,121,97,0.0
33x18,33x18,ACACAGAAACACAGAA,33,18,150,104,0.0
29x48,29x48,ACGTATCAGAGCTGAA,29,48,97,78,0.0
23x13,23x13,ATCCTGTAAACAACCA,23,13,248,203,0.0
37x14,37x14,AACCGAGAAACCGAGA,37,14,129,100,0.0
38x28,38x28,AACAACCAATCCTGTA,38,28,202,134,0.0
42x35,42x35,CGCTGATCCATACCAA,42,35,160,118,0.0
34x4,34x4,AAGGTACAAGTGGTCA,34,4,80,62,0.0
40x20,40x20,CTGTAGCCACCTCCAA,40,20,131,99,0.0
12x45,12x45,CCTCCTGACTGGCATA,12,45,205,151,0.0
35x14,35x14,AAGACGGAAACCGAGA,35,14,247,206,0.0
40x14,40x14,CTGTAGCCAACCGAGA,40,14,63,57,0.0
14x43,14x43,CCGAAGTACTCAATGA,14,43,155,133,0.0
31x43,31x43,ACCTCCAACTCAATGA,31,43,193,146,0.0
45x47,45x47,ACATTGGCCAAGACTA,45,47,44,40,0.0
16x46,16x46,CATACCAAGAATCTGA,16,46,54,48,0.0
27x8,27x8,AGAGTCAACATCAAGT,27,8,227,177,0.0
26x26,26x26,AGATCGCAAGCAGGAA,26,26,137,105,0.0
40x3,40x3,CTGTAGCCATGCCTAA,40,3,101,67,0.0
3x31,3x31,GAGCTGAAGACTAGTA,3,31,85,65,0.0
36x20,36x20,AACGCTTAACCTCCAA,36,20,64,55,0.0
41x18,41x18,ACAAGCTAACACAGAA,41,18,167,136,0.0
25x27,25x27,AGCAGGAAAGTCACTA,25,27,322,212,0.0
38x21,38x21,AACAACCAACGCTCGA,38,21,187,144,0.0
6x38,6x38,CTGGCATACCGTGAGA,6,38,123,94,0.0
42x16,42x16,CGCTGATCAAGACGGA,42,16,52,46,0.0
16x42,16x42,CATACCAACGCATACA,16,42,120,85,0.0
9x29,9x29,CGCATACAATTGAGGA,9,29,147,106,0.0
41x43,41x43,ACAAGCTACTCAATGA,41,43,95,77,0.0
14x39,14x39,CCGAAGTACCTCCTGA,14,39,85,75,0.0
13x13,13x13,CCGTGAGAAACAACCA,13,13,133,101,0.0
45x41,45x41,ACATTGGCCGACTGGA,45,41,66,44,0.0
35x26,35x26,AAGACGGAAGCAGGAA,35,26,102,85,0.0
3x27,3x27,GAGCTGAAAGTCACTA,3,27,174,138,0.0
11x15,11x15,CGAACTTAAACGCTTA,11,15,241,181,0.0
18x48,18x48,CACTTCGAGAGCTGAA,18,48,178,148,0.0
19x27,19x27,CAATGGAAAGTCACTA,19,27,96,80,0.0
3x39,3x39,GAGCTGAACCTCCTGA,3,39,137,108,0.0
27x17,27x17,AGAGTCAAAAGGTACA,27,17,93,75,0.0
35x17,35x17,AAGACGGAAAGGTACA,35,17,75,61,0.0
27x22,27x22,AGAGTCAAACGTATCA,27,22,41,31,0.0
32x21,32x21,ACAGCAGAACGCTCGA,32,21,216,94,0.0
19x17,19x17,CAATGGAAAAGGTACA,19,17,45,37,0.0
31x15,31x15,ACCTCCAAAACGCTTA,31,15,284,207,0.0
40x4,40x4,CTGTAGCCAGTGGTCA,40,4,157,130,0.0
40x17,40x17,CTGTAGCCAAGGTACA,40,17,51,39,0.0
41x41,41x41,ACAAGCTACGACTGGA,41,41,79,61,0.0
37x20,37x20,AACCGAGAACCTCCAA,37,20,133,103,0.0
36x12,36x12,AACGCTTAAGTACAAG,36,12,195,153,0.0
31x4,31x4,ACCTCCAAAGTGGTCA,31,4,87,58,0.0
31x18,31x18,ACCTCCAAACACAGAA,31,18,186,131,0.0
48x39,48x39,ATGCCTAACCTCCTGA,48,39,70,64,0.0
25x9,25x9,AGCAGGAACGCTGATC,25,9,414,301,0.0
12x31,12x31,CCTCCTGAGACTAGTA,12,31,201,104,0.0
19x44,19x44,CAATGGAACTGAGCCA,19,44,185,140,0.0
27x18,27x18,AGAGTCAAACACAGAA,27,18,210,150,0.0
18x19,18x19,CACTTCGAACAGCAGA,18,19,139,104,0.0
25x6,25x6,AGCAGGAAACATTGGC,25,6,74,59,0.0
34x13,34x13,AAGGTACAAACAACCA,34,13,213,149,0.0
25x48,25x48,AGCAGGAAGAGCTGAA,25,48,244,183,0.0
28x48,28x48,ACTATGCAGAGCTGAA,28,48,73,60,0.0
15x42,15x42,CCAGTTCACGCATACA,15,42,112,89,0.0
48x35,48x35,ATGCCTAACATACCAA,48,35,112,80,0.0
35x41,35x41,AAGACGGACGACTGGA,35,41,620,313,0.0
41x42,41x42,ACAAGCTACGCATACA,41,42,155,123,0.0
36x19,36x19,AACGCTTAACAGCAGA,36,19,217,163,0.0
15x32,15x32,CCAGTTCACAATGGAA,15,32,301,203,0.0
14x32,14x32,CCGAAGTACAATGGAA,14,32,184,126,0.0
9x19,9x19,CGCATACAACAGCAGA,9,19,196,161,0.0
40x24,40x24,CTGTAGCCAGAGTCAA,40,24,160,125,0.0
41x25,41x25,ACAAGCTAAGATCGCA,41,25,102,76,0.0
35x8,35x8,AAGACGGACATCAAGT,35,8,328,248,0.0
38x4,38x4,AACAACCAAGTGGTCA,38,4,233,161,0.0
25x22,25x22,AGCAGGAAACGTATCA,25,22,67,57,0.0
12x16,12x16,CCTCCTGAAAGACGGA,12,16,45,41,0.0
3x35,3x35,GAGCTGAACATACCAA,3,35,102,74,0.0
19x43,19x43,CAATGGAACTCAATGA,19,43,217,176,0.0
43x30,43x30,CATCAAGTCAACCACA,43,30,87,74,0.0
20x18,20x18,GACTAGTAACACAGAA,20,18,73,56,0.0
17x16,17x16,CAGCGTTAAAGACGGA,17,16,109,77,0.0
7x29,7x29,CTGAGCCAATTGAGGA,7,29,224,175,0.0
9x41,9x41,CGCATACACGACTGGA,9,41,160,122,0.0
5x40,5x40,GAATCTGACGAACTTA,5,40,228,177,0.0
26x23,26x23,AGATCGCAACTATGCA,26,23,148,111,0.0
34x3,34x3,AAGGTACAATGCCTAA,34,3,84,66,0.0
37x41,37x41,AACCGAGACGACTGGA,37,41,367,228,0.0
30x11,30x11,ACGCTCGACTGTAGCC,30,11,96,75,0.0
33x50,33x50,ACACAGAAGCCACATA,33,50,138,108,0.0
42x18,42x18,CGCTGATCACACAGAA,42,18,78,68,0.0
18x43,18x43,CACTTCGACTCAATGA,18,43,113,86,0.0
33x20,33x20,ACACAGAAACCTCCAA,33,20,132,109,0.0
24x38,24x38,AGTCACTACCGTGAGA,24,38,233,163,0.0
28x18,28x18,ACTATGCAACACAGAA,28,18,189,145,0.0
5x31,5x31,GAATCTGAGACTAGTA,5,31,103,69,0.0
38x15,38x15,AACAACCAAACGCTTA,38,15,197,146,0.0
45x3,45x3,ACATTGGCATGCCTAA,45,3,171,121,0.0
16x26,16x26,CATACCAAAGCAGGAA,16,26,76,59,0.0
36x43,36x43,AACGCTTACTCAATGA,36,43,300,210,0.0
45x19,45x19,ACATTGGCACAGCAGA,45,19,104,86,0.0
45x13,45x13,ACATTGGCAACAACCA,45,13,144,128,0.0
39x2,39x2,AGTACAAGAAACATCG,39,2,99,79,0.0
36x16,36x16,AACGCTTAAAGACGGA,36,16,52,42,0.0
38x19,38x19,AACAACCAACAGCAGA,38,19,156,128,0.0
46x9,46x9,ACCACTGTCGCTGATC,46,9,95,87,0.0
8x42,8x42,CTCAATGACGCATACA,8,42,174,126,0.0
13x43,13x43,CCGTGAGACTCAATGA,13,43,430,318,0.0
30x16,30x16,ACGCTCGAAAGACGGA,30,16,127,101,0.0
13x39,13x39,CCGTGAGACCTCCTGA,13,39,193,148,0.0
7x24,7x24,CTGAGCCAAGAGTCAA,7,24,47,42,0.0
12x27,12x27,CCTCCTGAAGTCACTA,12,27,33,32,0.0
32x12,32x12,ACAGCAGAAGTACAAG,32,12,92,65,0.0
41x4,41x4,ACAAGCTAAGTGGTCA,41,4,156,114,0.0
37x43,37x43,AACCGAGACTCAATGA,37,43,139,114,0.0
9x36,9x36,CGCATACACCAGTTCA,9,36,290,205,0.0
39x12,39x12,AGTACAAGAGTACAAG,39,12,114,100,0.0
44x42,44x42,CAGATCTGCGCATACA,44,42,89,71,0.0
6x16,6x16,CTGGCATAAAGACGGA,6,16,53,46,0.0
26x21,26x21,AGATCGCAACGCTCGA,26,21,186,112,0.0
42x6,42x6,CGCTGATCACATTGGC,42,6,59,43,0.0
29x21,29x21,ACGTATCAACGCTCGA,29,21,113,78,0.0
21x45,21x45,CAACCACACTGGCATA,21,45,111,100,0.0
29x16,29x16,ACGTATCAAAGACGGA,29,16,72,56,0.0
39x18,39x18,AGTACAAGACACAGAA,39,18,65,58,0.0
30x47,30x47,ACGCTCGACAAGACTA,30,47,124,93,0.0
43x23,43x23,CATCAAGTACTATGCA,43,23,47,33,0.0
45x21,45x21,ACATTGGCACGCTCGA,45,21,62,53,0.0
22x48,22x48,ATTGAGGAGAGCTGAA,22,48,126,101,0.0
21x17,21x17,CAACCACAAAGGTACA,21,17,72,60,0.0
34x26,34x26,AAGGTACAAGCAGGAA,34,26,130,97,0.0
42x30,42x30,CGCTGATCCAACCACA,42,30,78,62,0.0
45x18,45x18,ACATTGGCACACAGAA,45,18,23,21,0.0
14x35,14x35,CCGAAGTACATACCAA,14,35,149,112,0.0
34x6,34x6,AAGGTACAACATTGGC,34,6,125,84,0.0
46x35,46x35,ACCACTGTCATACCAA,46,35,57,41,0.0
26x25,26x25,AGATCGCAAGATCGCA,26,25,139,113,0.0
17x42,17x42,CAGCGTTACGCATACA,17,42,142,106,0.0
42x33,42x33,CGCTGATCCACTTCGA,42,33,208,141,0.0
41x27,41x27,ACAAGCTAAGTCACTA,41,27,27,24,0.0
44x38,44x38,CAGATCTGCCGTGAGA,44,38,159,122,0.0
31x22,31x22,ACCTCCAAACGTATCA,31,22,82,59,0.0
28x17,28x17,ACTATGCAAAGGTACA,28,17,126,100,0.0
27x6,27x6,AGAGTCAAACATTGGC,27,6,42,31,0.0
27x26,27x26,AGAGTCAAAGCAGGAA,27,26,142,91,0.0
10x40,10x40,CGACTGGACGAACTTA,10,40,274,197,0.0
46x20,46x20,ACCACTGTACCTCCAA,46,20,74,59,0.0
13x31,13x31,CCGTGAGAGACTAGTA,13,31,114,82,0.0
39x4,39x4,AGTACAAGAGTGGTCA,39,4,148,116,0.0
30x20,30x20,ACGCTCGAACCTCCAA,30,20,76,63,0.0
31x6,31x6,ACCTCCAAACATTGGC,31,6,157,112,0.0
42x10,42x10,CGCTGATCACAAGCTA,42,10,101,84,0.0
48x7,48x7,ATGCCTAACAGATCTG,48,7,66,55,0.0
34x18,34x18,AAGGTACAACACAGAA,34,18,121,84,0.0
31x48,31x48,ACCTCCAAGAGCTGAA,31,48,80,60,0.0
17x27,17x27,CAGCGTTAAGTCACTA,17,27,89,64,0.0
41x17,41x17,ACAAGCTAAAGGTACA,41,17,96,86,0.0
40x22,40x22,CTGTAGCCACGTATCA,40,22,87,74,0.0
6x27,6x27,CTGGCATAAGTCACTA,6,27,100,76,0.0
7x37,7x37,CTGAGCCACCGAAGTA,7,37,219,165,0.0
12x36,12x36,CCTCCTGACCAGTTCA,12,36,155,124,0.0
30x17,30x17,ACGCTCGAAAGGTACA,30,17,84,67,0.0
2x24,2x24,GATAGACAAGAGTCAA,2,24,205,158,0.0
40x31,40x31,CTGTAGCCGACTAGTA,40,31,117,78,0.0
15x46,15x46,CCAGTTCAGAATCTGA,15,46,174,147,0.0
8x29,8x29,CTCAATGAATTGAGGA,8,29,122,91,0.0
45x38,45x38,ACATTGGCCCGTGAGA,45,38,83,63,0.0
36x22,36x22,AACGCTTAACGTATCA,36,22,51,43,0.0
7x17,7x17,CTGAGCCAAAGGTACA,7,17,79,69,0.0
37x3,37x3,AACCGAGAATGCCTAA,37,3,86,59,0.0
29x20,29x20,ACGTATCAACCTCCAA,29,20,197,138,0.0
18x46,18x46,CACTTCGAGAATCTGA,18,46,142,112,0.0
13x45,13x45,CCGTGAGACTGGCATA,13,45,132,107,0.0
29x47,29x47,ACGTATCACAAGACTA,29,47,142,109,0.0
45x46,45x46,ACATTGGCGAATCTGA,45,46,40,38,0.0
42x1,42x1,CGCTGATCAACGTGAT,42,1,202,149,0.0
30x5,30x5,ACGCTCGAACCACTGT,30,5,94,67,0.0
42x29,42x29,CGCTGATCATTGAGGA,42,29,86,63,0.0
22x14,22x14,ATTGAGGAAACCGAGA,22,14,138,108,0.0
44x6,44x6,CAGATCTGACATTGGC,44,6,40,28,0.0
38x26,38x26,AACAACCAAGCAGGAA,38,26,131,112,0.0
43x35,43x35,CATCAAGTCATACCAA,43,35,85,57,0.0
11x16,11x16,CGAACTTAAAGACGGA,11,16,68,50,0.0
18x10,18x10,CACTTCGAACAAGCTA,18,10,126,97,0.0
12x44,12x44,CCTCCTGACTGAGCCA,12,44,80,72,0.0
30x46,30x46,ACGCTCGAGAATCTGA,30,46,99,84,0.0
3x19,3x19,GAGCTGAAACAGCAGA,3,19,337,272,0.0
32x48,32x48,ACAGCAGAGAGCTGAA,32,48,41,32,0.0
29x6,29x6,ACGTATCAACATTGGC,29,6,137,100,0.0
47x10,47x10,AGTGGTCAACAAGCTA,47,10,71,58,0.0
28x26,28x26,ACTATGCAAGCAGGAA,28,26,131,104,0.0
39x42,39x42,AGTACAAGCGCATACA,39,42,103,82,0.0
47x9,47x9,AGTGGTCACGCTGATC,47,9,88,65,0.0
41x30,41x30,ACAAGCTACAACCACA,41,30,128,98,0.0
3x24,3x24,GAGCTGAAAGAGTCAA,3,24,69,56,0.0
47x35,47x35,AGTGGTCACATACCAA,47,35,113,88,0.0
24x9,24x9,AGTCACTACGCTGATC,24,9,175,117,0.0
5x28,5x28,GAATCTGAATCCTGTA,5,28,162,109,0.0
14x17,14x17,CCGAAGTAAAGGTACA,14,17,45,39,0.0
40x18,40x18,CTGTAGCCACACAGAA,40,18,71,59,0.0
42x9,42x9,CGCTGATCCGCTGATC,42,9,109,94,0.0
12x29,12x29,CCTCCTGAATTGAGGA,12,29,88,60,0.0
6x31,6x31,CTGGCATAGACTAGTA,6,31,116,81,0.0
45x36,45x36,ACATTGGCCCAGTTCA,45,36,98,83,0.0
6x23,6x23,CTGGCATAACTATGCA,6,23,89,71,0.0
4x28,4x28,CAAGACTAATCCTGTA,4,28,119,75,0.0
36x3,36x3,AACGCTTAATGCCTAA,36,3,118,93,0.0
30x23,30x23,ACGCTCGAACTATGCA,30,23,170,135,0.0
5x34,5x34,GAATCTGACAGCGTTA,5,34,155,96,0.0
41x26,41x26,ACAAGCTAAGCAGGAA,41,26,17,15,0.0
21x7,21x7,CAACCACACAGATCTG,21,7,108,90,0.0
36x11,36x11,AACGCTTACTGTAGCC,36,11,38,29,0.0
40x34,40x34,CTGTAGCCCAGCGTTA,40,34,181,94,0.0
39x3,39x3,AGTACAAGATGCCTAA,39,3,143,116,0.0
48x4,48x4,ATGCCTAAAGTGGTCA,48,4,166,107,0.0
20x45,20x45,GACTAGTACTGGCATA,20,45,69,60,0.0
21x49,21x49,CAACCACAGATAGACA,21,49,265,216,0.0
9x15,9x15,CGCATACAAACGCTTA,9,15,204,163,0.0
17x9,17x9,CAGCGTTACGCTGATC,17,9,62,46,0.0
21x12,21x12,CAACCACAAGTACAAG,21,12,149,103,0.0
10x27,10x27,CGACTGGAAGTCACTA,10,27,78,61,0.0
13x48,13x48,CCGTGAGAGAGCTGAA,13,48,93,83,0.0
26x44,26x44,AGATCGCACTGAGCCA,26,44,181,120,0.0
15x26,15x26,CCAGTTCAAGCAGGAA,15,26,43,35,0.0
16x19,16x19,CATACCAAACAGCAGA,16,19,91,83,0.0
34x20,34x20,AAGGTACAACCTCCAA,34,20,114,86,0.0
17x19,17x19,CAGCGTTAACAGCAGA,17,19,168,123,0.0
41x3,41x3,ACAAGCTAATGCCTAA,41,3,213,147,0.0
18x16,18x16,CACTTCGAAAGACGGA,18,16,116,75,0.0
34x12,34x12,AAGGTACAAGTACAAG,34,12,90,73,0.0
11x30,11x30,CGAACTTACAACCACA,11,30,86,69,0.0
46x47,46x47,ACCACTGTCAAGACTA,46,47,32,26,0.0
9x34,9x34,CGCATACACAGCGTTA,9,34,181,131,0.0
23x16,23x16,ATCCTGTAAAGACGGA,23,16,114,81,0.0
36x4,36x4,AACGCTTAAGTGGTCA,36,4,111,76,0.0
40x43,40x43,CTGTAGCCCTCAATGA,40,43,92,67,0.0
26x27,26x27,AGATCGCAAGTCACTA,26,27,148,105,0.0
10x34,10x34,CGACTGGACAGCGTTA,10,34,153,96,0.0
47x48,47x48,AGTGGTCAGAGCTGAA,47,48,99,87,0.0
19x18,19x18,CAATGGAAACACAGAA,19,18,113,91,0.0
31x44,31x44,ACCTCCAACTGAGCCA,31,44,55,43,0.0
31x11,31x11,ACCTCCAACTGTAGCC,31,11,201,164,0.0
42x24,42x24,CGCTGATCAGAGTCAA,42,24,277,198,0.0
33x19,33x19,ACACAGAAACAGCAGA,33,19,146,116,0.0
38x6,38x6,AACAACCAACATTGGC,38,6,82,60,0.0
44x23,44x23,CAGATCTGACTATGCA,44,23,30,22,0.0
22x47,22x47,ATTGAGGACAAGACTA,22,47,58,49,0.0
21x25,21x25,CAACCACAAGATCGCA,21,25,159,125,0.0
34x21,34x21,AAGGTACAACGCTCGA,34,21,156,103,0.0
20x16,20x16,GACTAGTAAAGACGGA,20,16,74,53,0.0
39x17,39x17,AGTACAAGAAGGTACA,39,17,55,46,0.0
5x24,5x24,GAATCTGAAGAGTCAA,5,24,55,48,0.0
6x32,6x32,CTGGCATACAATGGAA,6,32,192,144,0.0
45x16,45x16,ACATTGGCAAGACGGA,45,16,45,36,0.0
20x9,20x9,GACTAGTACGCTGATC,20,9,123,105,0.0
38x11,38x11,AACAACCACTGTAGCC,38,11,69,47,0.0
9x18,9x18,CGCATACAACACAGAA,9,18,49,33,0.0
13x30,13x30,CCGTGAGACAACCACA,13,30,71,60,0.0
16x18,16x18,CATACCAAACACAGAA,16,18,103,83,0.0
37x16,37x16,AACCGAGAAAGACGGA,37,16,59,48,0.0
44x34,44x34,CAGATCTGCAGCGTTA,44,34,89,57,0.0
16x30,16x30,CATACCAACAACCACA,16,30,247,167,0.0
45x23,45x23,ACATTGGCACTATGCA,45,23,31,27,0.0
41x2,41x2,ACAAGCTAAAACATCG,41,2,122,98,0.0
48x50,48x50,ATGCCTAAGCCACATA,48,50,108,84,0.0
33x48,33x48,ACACAGAAGAGCTGAA,33,48,105,87,0.0
13x27,13x27,CCGTGAGAAGTCACTA,13,27,40,33,0.0
14x44,14x44,CCGAAGTACTGAGCCA,14,44,136,113,0.0
5x32,5x32,GAATCTGACAATGGAA,5,32,177,119,0.0
30x9,30x9,ACGCTCGACGCTGATC,30,9,197,150,0.0
42x27,42x27,CGCTGATCAGTCACTA,42,27,95,73,0.0
14x42,14x42,CCGAAGTACGCATACA,14,42,59,53,0.0
39x27,39x27,AGTACAAGAGTCACTA,39,27,37,30,0.0
39x26,39x26,AGTACAAGAGCAGGAA,39,26,61,49,0.0
46x18,46x18,ACCACTGTACACAGAA,46,18,22,21,0.0
35x18,35x18,AAGACGGAACACAGAA,35,18,53,42,0.0
16x16,16x16,CATACCAAAAGACGGA,16,16,108,90,0.0
21x16,21x16,CAACCACAAAGACGGA,21,16,70,51,0.0
27x27,27x27,AGAGTCAAAGTCACTA,27,27,84,57,0.0
36x21,36x21,AACGCTTAACGCTCGA,36,21,89,57,0.0
41x16,41x16,ACAAGCTAAAGACGGA,41,16,43,37,0.0
29x10,29x10,ACGTATCAACAAGCTA,29,10,129,88,0.0
42x34,42x34,CGCTGATCCAGCGTTA,42,34,86,57,0.0
16x41,16x41,CATACCAACGACTGGA,16,41,180,108,0.0
43x16,43x16,CATCAAGTAAGACGGA,43,16,60,49,0.0
46x45,46x45,ACCACTGTCTGGCATA,46,45,36,33,0.0
42x2,42x2,CGCTGATCAAACATCG,42,2,108,89,0.0
41x20,41x20,ACAAGCTAACCTCCAA,41,20,57,47,0.0
6x24,6x24,CTGGCATAAGAGTCAA,6,24,44,39,0.0
13x42,13x42,CCGTGAGACGCATACA,13,42,102,87,0.0
38x27,38x27,AACAACCAAGTCACTA,38,27,100,86,0.0
43x12,43x12,CATCAAGTAGTACAAG,43,12,67,61,0.0
8x18,8x18,CTCAATGAACACAGAA,8,18,78,66,0.0
43x41,43x41,CATCAAGTCGACTGGA,43,41,43,34,0.0
46x34,46x34,ACCACTGTCAGCGTTA,46,34,83,58,0.0
43x33,43x33,CATCAAGTCACTTCGA,43,33,218,152,0.0
39x10,39x10,AGTACAAGACAAGCTA,39,10,111,87,0.0
24x6,24x6,AGTCACTAACATTGGC,24,6,76,47,0.0
43x28,43x28,CATCAAGTATCCTGTA,43,28,85,61,0.0
18x7,18x7,CACTTCGACAGATCTG,18,7,50,38,0.0
28x16,28x16,ACTATGCAAAGACGGA,28,16,129,95,0.0
30x26,30x26,ACGCTCGAAGCAGGAA,30,26,62,46,0.0
14x26,14x26,CCGAAGTAAGCAGGAA,14,26,27,20,0.0
36x18,36x18,AACGCTTAACACAGAA,36,18,35,26,0.0
16x28,16x28,CATACCAAATCCTGTA,16,28,186,132,0.0
2x31,2x31,GATAGACAGACTAGTA,2,31,129,88,0.0
6x30,6x30,CTGGCATACAACCACA,6,30,83,68,0.0
39x15,39x15,AGTACAAGAACGCTTA,39,15,91,73,0.0
27x25,27x25,AGAGTCAAAGATCGCA,27,25,149,94,0.0
44x14,44x14,CAGATCTGAACCGAGA,44,14,75,53,0.0
7x18,7x18,CTGAGCCAACACAGAA,7,18,21,20,0.0
33x21,33x21,ACACAGAAACGCTCGA,33,21,172,80,0.0
10x31,10x31,CGACTGGAGACTAGTA,10,31,99,62,0.0
39x25,39x25,AGTACAAGAGATCGCA,39,25,98,78,0.0
9x16,9x16,CGCATACAAAGACGGA,9,16,99,84,0.0
36x10,36x10,AACGCTTAACAAGCTA,36,10,61,46,0.0
13x18,13x18,CCGTGAGAACACAGAA,13,18,73,61,0.0
13x26,13x26,CCGTGAGAAGCAGGAA,13,26,35,26,0.0
11x45,11x45,CGAACTTACTGGCATA,11,45,170,145,0.0
35x3,35x3,AAGACGGAATGCCTAA,35,3,72,60,0.0
40x15,40x15,CTGTAGCCAACGCTTA,40,15,98,88,0.0
39x29,39x29,AGTACAAGATTGAGGA,39,29,163,116,0.0
33x43,33x43,ACACAGAACTCAATGA,33,43,107,81,0.0
19x16,19x16,CAATGGAAAAGACGGA,19,16,91,69,0.0
23x6,23x6,ATCCTGTAACATTGGC,23,6,96,75,0.0
23x17,23x17,ATCCTGTAAAGGTACA,23,17,87,67,0.0
14x27,14x27,CCGAAGTAAGTCACTA,14,27,52,50,0.0
44x44,44x44,CAGATCTGCTGAGCCA,44,44,80,65,0.0
42x41,42x41,CGCTGATCCGACTGGA,42,41,89,68,0.0
29x5,29x5,ACGTATCAACCACTGT,29,5,86,69,0.0
31x45,31x45,ACCTCCAACTGGCATA,31,45,71,48,0.0
30x48,30x48,ACGCTCGAGAGCTGAA,30,48,56,41,0.0
10x44,10x44,CGACTGGACTGAGCCA,10,44,51,44,0.0
44x16,44x16,CAGATCTGAAGACGGA,44,16,53,42,0.0
30x18,30x18,ACGCTCGAACACAGAA,30,18,91,70,0.0
40x16,40x16,CTGTAGCCAAGACGGA,40,16,49,34,0.0
39x43,39x43,AGTACAAGCTCAATGA,39,43,24,22,0.0
3x26,3x26,GAGCTGAAAGCAGGAA,3,26,56,45,0.0
31x16,31x16,ACCTCCAAAAGACGGA,31,16,104,79,0.0
8x27,8x27,CTCAATGAAGTCACTA,8,27,34,28,0.0
28x6,28x6,ACTATGCAACATTGGC,28,6,84,60,0.0
41x32,41x32,ACAAGCTACAATGGAA,41,32,75,56,0.0
42x20,42x20,CGCTGATCACCTCCAA,42,20,89,70,0.0
24x11,24x11,AGTCACTACTGTAGCC,24,11,78,54,0.0
11x31,11x31,CGAACTTAGACTAGTA,11,31,95,67,0.0
41x31,41x31,ACAAGCTAGACTAGTA,41,31,76,50,0.0
4x37,4x37,CAAGACTACCGAAGTA,4,37,82,65,0.0
36x2,36x2,AACGCTTAAAACATCG,36,2,88,61,0.0
30x22,30x22,ACGCTCGAACGTATCA,30,22,103,85,0.0
42x22,42x22,CGCTGATCACGTATCA,42,22,24,22,0.0
40x27,40x27,CTGTAGCCAGTCACTA,40,27,35,32,0.0
33x16,33x16,ACACAGAAAAGACGGA,33,16,67,61,0.0
33x44,33x44,ACACAGAACTGAGCCA,33,44,53,47,0.0
12x48,12x48,CCTCCTGAGAGCTGAA,12,48,68,62,0.0
47x46,47x46,AGTGGTCAGAATCTGA,47,46,17,15,0.0
37x11,37x11,AACCGAGACTGTAGCC,37,11,41,35,0.0
45x6,45x6,ACATTGGCACATTGGC,45,6,22,19,0.0
5x27,5x27,GAATCTGAAGTCACTA,5,27,49,42,0.0
24x17,24x17,AGTCACTAAAGGTACA,24,17,66,52,0.0
43x31,43x31,CATCAAGTGACTAGTA,43,31,48,36,0.0
40x10,40x10,CTGTAGCCACAAGCTA,40,10,100,75,0.0
41x12,41x12,ACAAGCTAAGTACAAG,41,12,108,89,0.0
3x17,3x17,GAGCTGAAAAGGTACA,3,17,31,26,0.0
45x7,45x7,ACATTGGCCAGATCTG,45,7,30,23,0.0
43x7,43x7,CATCAAGTCAGATCTG,43,7,29,23,0.0
43x11,43x11,CATCAAGTCTGTAGCC,43,11,37,27,0.0
44x22,44x22,CAGATCTGACGTATCA,44,22,53,44,0.0
45x45,45x45,ACATTGGCCTGGCATA,45,45,20,15,0.0
36x17,36x17,AACGCTTAAAGGTACA,36,17,45,33,0.0
43x26,43x26,CATCAAGTAGCAGGAA,43,26,34,27,0.0
42x21,42x21,CGCTGATCACGCTCGA,42,21,44,38,0.0
44x17,44x17,CAGATCTGAAGGTACA,44,17,39,36,0.0
4x26,4x26,CAAGACTAAGCAGGAA,4,26,65,53,0.0
43x6,43x6,CATCAAGTACATTGGC,43,6,98,75,0.0
22x45,22x45,ATTGAGGACTGGCATA,22,45,52,47,0.0
47x6,47x6,AGTGGTCAACATTGGC,47,6,35,30,0.0
4x17,4x17,CAAGACTAAAGGTACA,4,17,36,26,0.0
45x22,45x22,ACATTGGCACGTATCA,45,22,41,34,0.0
45x17,45x17,ACATTGGCAAGGTACA,45,17,35,33,0.0
39x31,39x31,AGTACAAGGACTAGTA,39,31,45,28,0.0
42x7,42x7,CGCTGATCCAGATCTG,42,7,33,30,0.0
45x34,45x34,ACATTGGCCAGCGTTA,45,34,63,42,0.0
5x30,5x30,GAATCTGACAACCACA,5,30,87,67,0.0
39x14,39x14,AGTACAAGAACCGAGA,39,14,26,18,0.0
11x27,11x27,CGAACTTAAGTCACTA,11,27,26,18,0.0
12x26,12x26,CCTCCTGAAGCAGGAA,12,26,29,22,0.0
43x27,43x27,CATCAAGTAGTCACTA,43,27,39,28,0.0
48x6,48x6,ATGCCTAAACATTGGC,48,6,36,34,0.0
42x17,42x17,CGCTGATCAAGGTACA,42,17,18,18,0.0
45x44,45x44,ACATTGGCCTGAGCCA,45,44,13,11,0.0
