X,spot_id,barcode,x,y,dominant_celltype,dominant_abundance
15x34,15x34,CCAGTTCACAGCGTTA,15,34,Keratinocytes,5.84239
34x34,34x34,AAGGTACACAGCGTTA,34,34,Schwann cell,1.9008434
19x30,19x30,CAATGGAACAACCACA,19,30,Keratinocytes,8.561104
31x35,31x35,ACCTCCAACATACCAA,31,35,Keratinocytes,3.289888
6x22,6x22,CTGGCATAACGTATCA,6,22,Keratinocytes,1.5003374
16x33,16x33,CATACCAACACTTCGA,16,33,Keratinocytes,14.099157
1x27,1x27,GCCACATAAGTCACTA,1,27,Keratinocytes,2.7318227
23x37,23x37,ATCCTGTACCGAAGTA,23,37,Keratinocytes,11.802295
7x43,7x43,CTGAGCCACTCAATGA,7,43,Keratinocytes,1.6681582
35x43,35x43,AAGACGGACTCAATGA,35,43,Schwann cell,0.5133256
34x9,34x9,AAGGTACACGCTGATC,34,9,Keratinocytes,1.4385297
25x34,25x34,AGCAGGAACAGCGTTA,25,34,Keratinocytes,5.7685404
25x14,25x14,AGCAGGAAAACCGAGA,25,14,Keratinocytes,0.7686791
10x35,10x35,CGACTGGACATACCAA,10,35,Keratinocytes,0.76794404
21x30,21x30,CAACCACACAACCACA,21,30,Keratinocytes,7.296643
30x29,30x29,ACGCTCGAATTGAGGA,30,29,Keratinocytes,3.321295
24x24,24x24,AGTCACTAAGAGTCAA,24,24,Keratinocytes,3.81941
29x12,29x12,ACGTATCAAGTACAAG,29,12,Keratinocytes,0.56486434
39x36,39x36,AGTACAAGCCAGTTCA,39,36,Keratinocytes,3.0025487
17x34,17x34,CAGCGTTACAGCGTTA,17,34,Keratinocytes,7.450536
23x30,23x30,ATCCTGTACAACCACA,23,30,Keratinocytes,5.4519224
50x1,50x1,AACGTGATAACGTGAT,50,1,Keratinocytes,12.652917
20x33,20x33,GACTAGTACACTTCGA,20,33,Keratinocytes,9.232855
16x48,16x48,CATACCAAGAGCTGAA,16,48,Keratinocytes,3.1918895
17x38,17x38,CAGCGTTACCGTGAGA,17,38,Keratinocytes,5.128659
33x8,33x8,ACACAGAACATCAAGT,33,8,Keratinocytes,1.279061
24x36,24x36,AGTCACTACCAGTTCA,24,36,Keratinocytes,2.9900699
7x39,7x39,CTGAGCCACCTCCTGA,7,39,Keratinocytes,2.3874924
30x50,30x50,ACGCTCGAGCCACATA,30,50,Keratinocytes,2.401421
28x40,28x40,ACTATGCACGAACTTA,28,40,Keratinocytes,7.6934524
19x36,19x36,CAATGGAACCAGTTCA,19,36,Keratinocytes,11.725531
22x33,22x33,ATTGAGGACACTTCGA,22,33,Keratinocytes,4.6339626
9x49,9x49,CGCATACAGATAGACA,9,49,Keratinocytes,5.216113
24x43,24x43,AGTCACTACTCAATGA,24,43,Keratinocytes,5.6271944
5x42,5x42,GAATCTGACGCATACA,5,42,Keratinocytes,1.6215372
28x34,28x34,ACTATGCACAGCGTTA,28,34,Keratinocytes,8.087919
1x37,1x37,GCCACATACCGAAGTA,1,37,Keratinocytes,6.3032775
43x14,43x14,CATCAAGTAACCGAGA,43,14,B cell,0.3383996
26x43,26x43,AGATCGCACTCAATGA,26,43,Keratinocytes,4.1950808
25x29,25x29,AGCAGGAAATTGAGGA,25,29,Keratinocytes,8.931495
31x31,31x31,ACCTCCAAGACTAGTA,31,31,Keratinocytes,8.293932
26x40,26x40,AGATCGCACGAACTTA,26,40,Keratinocytes,3.0296524
19x38,19x38,CAATGGAACCGTGAGA,19,38,Keratinocytes,5.3112955
15x35,15x35,CCAGTTCACATACCAA,15,35,Keratinocytes,4.949534
46x6,46x6,ACCACTGTACATTGGC,46,6,Keratinocytes,0.36002037
8x36,8x36,CTCAATGACCAGTTCA,8,36,Keratinocytes,0.18189327
6x25,6x25,CTGGCATAAGATCGCA,6,25,Keratinocytes,0.7654564
29x40,29x40,ACGTATCACGAACTTA,29,40,Keratinocytes,8.316169
25x43,25x43,AGCAGGAACTCAATGA,25,43,Keratinocytes,4.5634117
23x25,23x25,ATCCTGTAAGATCGCA,23,25,Schwann cell,0.3376671
37x37,37x37,AACCGAGACCGAAGTA,37,37,Keratinocytes,7.633264
20x25,20x25,GACTAGTAAGATCGCA,20,25,Keratinocytes,0.34261346
30x30,30x30,ACGCTCGACAACCACA,30,30,Keratinocytes,7.128493
31x33,31x33,ACCTCCAACACTTCGA,31,33,Keratinocytes,18.399881
29x35,29x35,ACGTATCACATACCAA,29,35,Keratinocytes,4.659301
18x31,18x31,CACTTCGAGACTAGTA,18,31,Keratinocytes,4.6309624
50x10,50x10,AACGTGATACAAGCTA,50,10,Schwann cell,2.335626
44x13,44x13,CAGATCTGAACAACCA,44,13,B cell,0.3738101
28x37,28x37,ACTATGCACCGAAGTA,28,37,Keratinocytes,1.9277543
19x40,19x40,CAATGGAACGAACTTA,19,40,Keratinocytes,8.701799
10x49,10x49,CGACTGGAGATAGACA,10,49,Keratinocytes,2.8474932
19x39,19x39,CAATGGAACCTCCTGA,19,39,Keratinocytes,6.1869316
29x30,29x30,ACGTATCACAACCACA,29,30,Keratinocytes,6.7916446
4x41,4x41,CAAGACTACGACTGGA,4,41,Keratinocytes,2.8335414
4x35,4x35,CAAGACTACATACCAA,4,35,Keratinocytes,1.943138
30x33,30x33,ACGCTCGACACTTCGA,30,33,Keratinocytes,11.52479
21x33,21x33,CAACCACACACTTCGA,21,33,Keratinocytes,7.2833376
27x39,27x39,AGAGTCAACCTCCTGA,27,39,Schwann cell,4.0801973
22x29,22x29,ATTGAGGAATTGAGGA,22,29,Keratinocytes,6.2110395
46x49,46x49,ACCACTGTGATAGACA,46,49,Keratinocytes,7.163137
26x34,26x34,AGATCGCACAGCGTTA,26,34,Keratinocytes,4.941035
26x42,26x42,AGATCGCACGCATACA,26,42,Keratinocytes,5.141743
16x15,16x15,CATACCAAAACGCTTA,16,15,Keratinocytes,0.5147652
28x42,28x42,ACTATGCACGCATACA,28,42,Keratinocytes,6.378165
23x43,23x43,ATCCTGTACTCAATGA,23,43,Keratinocytes,2.9741175
34x35,34x35,AAGGTACACATACCAA,34,35,Keratinocytes,4.240183
35x33,35x33,AAGACGGACACTTCGA,35,33,Keratinocytes,8.074891
26x28,26x28,AGATCGCAATCCTGTA,26,28,Keratinocytes,6.335577
18x39,18x39,CACTTCGACCTCCTGA,18,39,Keratinocytes,2.4406734
27x23,27x23,AGAGTCAAACTATGCA,27,23,Keratinocytes,0.864704
36x32,36x32,AACGCTTACAATGGAA,36,32,Keratinocytes,6.857061
37x32,37x32,AACCGAGACAATGGAA,37,32,Keratinocytes,4.5658717
30x41,30x41,ACGCTCGACGACTGGA,30,41,Keratinocytes,5.846548
18x35,18x35,CACTTCGACATACCAA,18,35,Keratinocytes,4.152179
18x38,18x38,CACTTCGACCGTGAGA,18,38,Keratinocytes,6.1243916
1x22,1x22,GCCACATAACGTATCA,1,22,Keratinocytes,1.1805476
27x33,27x33,AGAGTCAACACTTCGA,27,33,Keratinocytes,10.166053
11x50,11x50,CGAACTTAGCCACATA,11,50,Keratinocytes,7.6630583
30x40,30x40,ACGCTCGACGAACTTA,30,40,Keratinocytes,10.166628
29x24,29x24,ACGTATCAAGAGTCAA,29,24,Keratinocytes,11.297435
31x41,31x41,ACCTCCAACGACTGGA,31,41,Keratinocytes,6.6587667
1x26,1x26,GCCACATAAGCAGGAA,1,26,Keratinocytes,1.8834316
26x19,26x19,AGATCGCAACAGCAGA,26,19,Keratinocytes,1.3283823
29x38,29x38,ACGTATCACCGTGAGA,29,38,Keratinocytes,2.4611402
49x12,49x12,AAACATCGAGTACAAG,49,12,Keratinocytes,0.31305325
40x12,40x12,CTGTAGCCAGTACAAG,40,12,B cell,0.3150128
39x33,39x33,AGTACAAGCACTTCGA,39,33,Keratinocytes,0.5660985
37x39,37x39,AACCGAGACCTCCTGA,37,39,Keratinocytes,5.7063994
29x27,29x27,ACGTATCAAGTCACTA,29,27,Schwann cell,1.0744383
23x31,23x31,ATCCTGTAGACTAGTA,23,31,Keratinocytes,3.2987273
24x41,24x41,AGTCACTACGACTGGA,24,41,Keratinocytes,3.4985774
28x39,28x39,ACTATGCACCTCCTGA,28,39,Keratinocytes,5.328588
32x28,32x28,ACAGCAGAATCCTGTA,32,28,Schwann cell,1.3653725
25x38,25x38,AGCAGGAACCGTGAGA,25,38,Keratinocytes,1.3654145
18x33,18x33,CACTTCGACACTTCGA,18,33,Keratinocytes,5.7823324
16x29,16x29,CATACCAAATTGAGGA,16,29,Schwann cell,0.91925275
31x36,31x36,ACCTCCAACCAGTTCA,31,36,Keratinocytes,3.3616438
37x5,37x5,AACCGAGAACCACTGT,37,5,Keratinocytes,1.1494818
3x33,3x33,GAGCTGAACACTTCGA,3,33,Keratinocytes,1.0180146
31x30,31x30,ACCTCCAACAACCACA,31,30,Keratinocytes,10.36067
25x33,25x33,AGCAGGAACACTTCGA,25,33,Keratinocytes,8.8043375
32x30,32x30,ACAGCAGACAACCACA,32,30,Mural cell,1.3320826
28x50,28x50,ACTATGCAGCCACATA,28,50,Keratinocytes,3.4391751
18x44,18x44,CACTTCGACTGAGCCA,18,44,Keratinocytes,0.66098166
43x38,43x38,CATCAAGTCCGTGAGA,43,38,Schwann cell,0.18877731
24x27,24x27,AGTCACTAAGTCACTA,24,27,Keratinocytes,3.649457
1x33,1x33,GCCACATACACTTCGA,1,33,Keratinocytes,6.0368924
34x32,34x32,AAGGTACACAATGGAA,34,32,Keratinocytes,10.585872
28x33,28x33,ACTATGCACACTTCGA,28,33,Keratinocytes,11.289177
20x35,20x35,GACTAGTACATACCAA,20,35,Keratinocytes,4.7611957
30x28,30x28,ACGCTCGAATCCTGTA,30,28,Keratinocytes,0.97433287
31x13,31x13,ACCTCCAAAACAACCA,31,13,Keratinocytes,2.5426927
33x31,33x31,ACACAGAAGACTAGTA,33,31,Mural cell,2.452934
20x37,20x37,GACTAGTACCGAAGTA,20,37,Keratinocytes,12.06383
28x31,28x31,ACTATGCAGACTAGTA,28,31,Keratinocytes,6.857019
17x49,17x49,CAGCGTTAGATAGACA,17,49,Keratinocytes,2.4961507
20x29,20x29,GACTAGTAATTGAGGA,20,29,Keratinocytes,11.212875
8x47,8x47,CTCAATGACAAGACTA,8,47,Keratinocytes,2.8284507
23x33,23x33,ATCCTGTACACTTCGA,23,33,Keratinocytes,6.664892
49x1,49x1,AAACATCGAACGTGAT,49,1,Keratinocytes,4.7239313
32x31,32x31,ACAGCAGAGACTAGTA,32,31,Keratinocytes,6.271994
22x8,22x8,ATTGAGGACATCAAGT,22,8,Keratinocytes,0.5053351
18x30,18x30,CACTTCGACAACCACA,18,30,Keratinocytes,10.318479
36x40,36x40,AACGCTTACGAACTTA,36,40,Keratinocytes,1.5151378
23x36,23x36,ATCCTGTACCAGTTCA,23,36,Keratinocytes,1.6214875
33x41,33x41,ACACAGAACGACTGGA,33,41,Keratinocytes,7.2182956
28x24,28x24,ACTATGCAAGAGTCAA,28,24,Keratinocytes,8.240795
9x40,9x40,CGCATACACGAACTTA,9,40,Keratinocytes,1.4895867
38x35,38x35,AACAACCACATACCAA,38,35,Keratinocytes,7.1436663
25x28,25x28,AGCAGGAAATCCTGTA,25,28,Keratinocytes,9.052211
21x34,21x34,CAACCACACAGCGTTA,21,34,Keratinocytes,4.8414936
25x36,25x36,AGCAGGAACCAGTTCA,25,36,Keratinocytes,6.4167476
12x50,12x50,CCTCCTGAGCCACATA,12,50,Keratinocytes,4.124319
29x25,29x25,ACGTATCAAGATCGCA,29,25,Keratinocytes,0.9284565
34x40,34x40,AAGGTACACGAACTTA,34,40,Keratinocytes,15.529354
14x48,14x48,CCGAAGTAGAGCTGAA,14,48,Keratinocytes,3.5105765
47x5,47x5,AGTGGTCAACCACTGT,47,5,Keratinocytes,6.3611794
29x33,29x33,ACGTATCACACTTCGA,29,33,Keratinocytes,6.75467
30x24,30x24,ACGCTCGAAGAGTCAA,30,24,Keratinocytes,8.105311
4x42,4x42,CAAGACTACGCATACA,4,42,Keratinocytes,1.7333418
1x20,1x20,GCCACATAACCTCCAA,1,20,Keratinocytes,1.5571274
32x41,32x41,ACAGCAGACGACTGGA,32,41,Keratinocytes,5.9914618
33x32,33x32,ACACAGAACAATGGAA,33,32,Keratinocytes,4.1361313
46x3,46x3,ACCACTGTATGCCTAA,46,3,Schwann cell,1.6473148
24x29,24x29,AGTCACTAATTGAGGA,24,29,Keratinocytes,10.072988
45x15,45x15,ACATTGGCAACGCTTA,45,15,Keratinocytes,0.57494503
19x29,19x29,CAATGGAAATTGAGGA,19,29,Keratinocytes,13.808811
33x33,33x33,ACACAGAACACTTCGA,33,33,Keratinocytes,10.067629
23x35,23x35,ATCCTGTACATACCAA,23,35,Keratinocytes,5.8703327
31x40,31x40,ACCTCCAACGAACTTA,31,40,Keratinocytes,8.472117
1x31,1x31,GCCACATAGACTAGTA,1,31,Keratinocytes,2.651264
21x50,21x50,CAACCACAGCCACATA,21,50,Keratinocytes,2.2593184
47x4,47x4,AGTGGTCAAGTGGTCA,47,4,Schwann cell,0.8857238
50x4,50x4,AACGTGATAGTGGTCA,50,4,Keratinocytes,1.3592619
30x32,30x32,ACGCTCGACAATGGAA,30,32,Keratinocytes,5.8365707
1x28,1x28,GCCACATAATCCTGTA,1,28,Keratinocytes,4.951033
48x5,48x5,ATGCCTAAACCACTGT,48,5,Keratinocytes,0.7328292
23x29,23x29,ATCCTGTAATTGAGGA,23,29,Keratinocytes,10.479367
50x15,50x15,AACGTGATAACGCTTA,50,15,Keratinocytes,0.4765997
27x34,27x34,AGAGTCAACAGCGTTA,27,34,Keratinocytes,6.630043
35x29,35x29,AAGACGGAATTGAGGA,35,29,Schwann cell,0.7467786
16x38,16x38,CATACCAACCGTGAGA,16,38,Keratinocytes,4.452299
28x38,28x38,ACTATGCACCGTGAGA,28,38,Keratinocytes,2.2649918
37x33,37x33,AACCGAGACACTTCGA,37,33,Keratinocytes,17.459724
21x28,21x28,CAACCACAATCCTGTA,21,28,Keratinocytes,10.544901
32x24,32x24,ACAGCAGAAGAGTCAA,32,24,Keratinocytes,2.1924982
22x42,22x42,ATTGAGGACGCATACA,22,42,Keratinocytes,5.96399
27x19,27x19,AGAGTCAAACAGCAGA,27,19,Keratinocytes,1.4194964
37x24,37x24,AACCGAGAAGAGTCAA,37,24,Keratinocytes,0.978431
28x13,28x13,ACTATGCAAACAACCA,28,13,Schwann cell,0.8515776
28x35,28x35,ACTATGCACATACCAA,28,35,Keratinocytes,6.419052
39x37,39x37,AGTACAAGCCGAAGTA,39,37,Keratinocytes,1.8819866
38x9,38x9,AACAACCACGCTGATC,38,9,Keratinocytes,0.7377777
22x31,22x31,ATTGAGGAGACTAGTA,22,31,Keratinocytes,1.856305
30x35,30x35,ACGCTCGACATACCAA,30,35,Keratinocytes,2.9243424
3x40,3x40,GAGCTGAACGAACTTA,3,40,Keratinocytes,2.9458718
18x34,18x34,CACTTCGACAGCGTTA,18,34,Keratinocytes,7.595454
50x5,50x5,AACGTGATACCACTGT,50,5,Keratinocytes,5.804962
9x50,9x50,CGCATACAGCCACATA,9,50,Keratinocytes,2.5862741
12x49,12x49,CCTCCTGAGATAGACA,12,49,Keratinocytes,1.8348814
21x29,21x29,CAACCACAATTGAGGA,21,29,Keratinocytes,9.768971
50x9,50x9,AACGTGATCGCTGATC,50,9,Keratinocytes,2.1989295
3x21,3x21,GAGCTGAAACGCTCGA,3,21,Keratinocytes,1.4747667
25x49,25x49,AGCAGGAAGATAGACA,25,49,Keratinocytes,5.689681
21x36,21x36,CAACCACACCAGTTCA,21,36,Keratinocytes,3.8897328
26x39,26x39,AGATCGCACCTCCTGA,26,39,Keratinocytes,3.5463138
29x42,29x42,ACGTATCACGCATACA,29,42,Keratinocytes,7.1035995
28x36,28x36,ACTATGCACCAGTTCA,28,36,Keratinocytes,3.01523
4x21,4x21,CAAGACTAACGCTCGA,4,21,Schwann cell,2.7036853
29x37,29x37,ACGTATCACCGAAGTA,29,37,Keratinocytes,2.0929682
28x20,28x20,ACTATGCAACCTCCAA,28,20,Keratinocytes,2.4826467
47x47,47x47,AGTGGTCACAAGACTA,47,47,Keratinocytes,0.36051974
15x36,15x36,CCAGTTCACCAGTTCA,15,36,Keratinocytes,11.291129
20x32,20x32,GACTAGTACAATGGAA,20,32,Keratinocytes,3.5123222
7x46,7x46,CTGAGCCAGAATCTGA,7,46,Keratinocytes,0.46032727
50x8,50x8,AACGTGATCATCAAGT,50,8,Keratinocytes,3.5470023
50x11,50x11,AACGTGATCTGTAGCC,50,11,Keratinocytes,1.3721769
12x43,12x43,CCTCCTGACTCAATGA,12,43,Keratinocytes,2.0496035
26x32,26x32,AGATCGCACAATGGAA,26,32,Keratinocytes,5.3379273
19x35,19x35,CAATGGAACATACCAA,19,35,Keratinocytes,5.0467644
20x36,20x36,GACTAGTACCAGTTCA,20,36,Keratinocytes,8.007026
46x5,46x5,ACCACTGTACCACTGT,46,5,Keratinocytes,2.1936932
21x32,21x32,CAACCACACAATGGAA,21,32,Keratinocytes,4.3851476
35x35,35x35,AAGACGGACATACCAA,35,35,Keratinocytes,3.4832003
44x5,44x5,CAGATCTGACCACTGT,44,5,Keratinocytes,1.1792442
8x48,8x48,CTCAATGAGAGCTGAA,8,48,Keratinocytes,2.8552434
33x40,33x40,ACACAGAACGAACTTA,33,40,Keratinocytes,10.459068
27x29,27x29,AGAGTCAAATTGAGGA,27,29,Keratinocytes,5.0535264
33x9,33x9,ACACAGAACGCTGATC,33,9,Keratinocytes,1.5752798
29x34,29x34,ACGTATCACAGCGTTA,29,34,Keratinocytes,6.1047893
11x43,11x43,CGAACTTACTCAATGA,11,43,Keratinocytes,1.253087
12x38,12x38,CCTCCTGACCGTGAGA,12,38,Schwann cell,0.19904546
15x28,15x28,CCAGTTCAATCCTGTA,15,28,Keratinocytes,1.0405383
34x33,34x33,AAGGTACACACTTCGA,34,33,Keratinocytes,9.31972
31x8,31x8,ACCTCCAACATCAAGT,31,8,Keratinocytes,1.3876128
26x31,26x31,AGATCGCAGACTAGTA,26,31,Keratinocytes,1.6879753
13x49,13x49,CCGTGAGAGATAGACA,13,49,Keratinocytes,0.60972965
28x15,28x15,ACTATGCAAACGCTTA,28,15,Keratinocytes,1.1659636
2x29,2x29,GATAGACAATTGAGGA,2,29,Schwann cell,1.9820489
33x35,33x35,ACACAGAACATACCAA,33,35,Keratinocytes,3.2183485
15x19,15x19,CCAGTTCAACAGCAGA,15,19,Keratinocytes,0.55775464
23x42,23x42,ATCCTGTACGCATACA,23,42,Keratinocytes,2.3794656
32x35,32x35,ACAGCAGACATACCAA,32,35,Keratinocytes,2.085239
6x39,6x39,CTGGCATACCTCCTGA,6,39,Keratinocytes,3.2438455
19x33,19x33,CAATGGAACACTTCGA,19,33,Keratinocytes,10.897934
27x38,27x38,AGAGTCAACCGTGAGA,27,38,Schwann cell,1.6956038
17x32,17x32,CAGCGTTACAATGGAA,17,32,Keratinocytes,8.445832
31x29,31x29,ACCTCCAAATTGAGGA,31,29,Keratinocytes,2.479465
38x36,38x36,AACAACCACCAGTTCA,38,36,Keratinocytes,10.734018
32x33,32x33,ACAGCAGACACTTCGA,32,33,Keratinocytes,11.811609
47x1,47x1,AGTGGTCAAACGTGAT,47,1,Schwann cell,1.1473398
42x4,42x4,CGCTGATCAGTGGTCA,42,4,Schwann cell,0.5461894
20x43,20x43,GACTAGTACTCAATGA,20,43,Schwann cell,0.57815725
36x36,36x36,AACGCTTACCAGTTCA,36,36,Keratinocytes,4.2544436
34x39,34x39,AAGGTACACCTCCTGA,34,39,Keratinocytes,2.6680315
15x33,15x33,CCAGTTCACACTTCGA,15,33,Keratinocytes,5.3228836
1x32,1x32,GCCACATACAATGGAA,1,32,Keratinocytes,3.4958777
41x37,41x37,ACAAGCTACCGAAGTA,41,37,Schwann cell,3.1341438
27x32,27x32,AGAGTCAACAATGGAA,27,32,Keratinocytes,2.2993658
35x34,35x34,AAGACGGACAGCGTTA,35,34,Keratinocytes,4.9242554
36x33,36x33,AACGCTTACACTTCGA,36,33,Keratinocytes,8.197776
29x41,29x41,ACGTATCACGACTGGA,29,41,Keratinocytes,5.2491603
22x24,22x24,ATTGAGGAAGAGTCAA,22,24,Keratinocytes,1.4379915
22x32,22x32,ATTGAGGACAATGGAA,22,32,Keratinocytes,3.5877352
30x31,30x31,ACGCTCGAGACTAGTA,30,31,Keratinocytes,6.215274
27x30,27x30,AGAGTCAACAACCACA,27,30,Keratinocytes,2.0544577
24x31,24x31,AGTCACTAGACTAGTA,24,31,Keratinocytes,6.08485
15x48,15x48,CCAGTTCAGAGCTGAA,15,48,Keratinocytes,2.7677076
17x47,17x47,CAGCGTTACAAGACTA,17,47,Keratinocytes,1.6638995
14x14,14x14,CCGAAGTAAACCGAGA,14,14,Schwann cell,0.5892082
10x29,10x29,CGACTGGAATTGAGGA,10,29,Keratinocytes,0.45641708
19x8,19x8,CAATGGAACATCAAGT,19,8,Keratinocytes,0.52389985
43x25,43x25,CATCAAGTAGATCGCA,43,25,Keratinocytes,0.29957747
23x28,23x28,ATCCTGTAATCCTGTA,23,28,Keratinocytes,7.918777
14x41,14x41,CCGAAGTACGACTGGA,14,41,Keratinocytes,0.38775185
40x39,40x39,CTGTAGCCCCTCCTGA,40,39,Schwann cell,1.7053934
28x41,28x41,ACTATGCACGACTGGA,28,41,Keratinocytes,3.8964086
31x23,31x23,ACCTCCAAACTATGCA,31,23,Keratinocytes,0.5021934
21x31,21x31,CAACCACAGACTAGTA,21,31,Keratinocytes,2.666329
34x41,34x41,AAGGTACACGACTGGA,34,41,Keratinocytes,4.782125
9x46,9x46,CGCATACAGAATCTGA,9,46,Keratinocytes,3.1331263
21x37,21x37,CAACCACACCGAAGTA,21,37,Keratinocytes,2.956501
10x15,10x15,CGACTGGAAACGCTTA,10,15,Keratinocytes,0.8728027
22x37,22x37,ATTGAGGACCGAAGTA,22,37,Keratinocytes,5.8654838
19x46,19x46,CAATGGAAGAATCTGA,19,46,Keratinocytes,1.8251796
19x37,19x37,CAATGGAACCGAAGTA,19,37,Keratinocytes,9.085981
48x9,48x9,ATGCCTAACGCTGATC,48,9,Schwann cell,0.672229
8x49,8x49,CTCAATGAGATAGACA,8,49,Keratinocytes,2.6700897
3x30,3x30,GAGCTGAACAACCACA,3,30,Keratinocytes,0.74387795
22x34,22x34,ATTGAGGACAGCGTTA,22,34,Keratinocytes,3.2119987
40x23,40x23,CTGTAGCCACTATGCA,40,23,Keratinocytes,0.69582206
37x25,37x25,AACCGAGAAGATCGCA,37,25,Keratinocytes,1.9163933
22x38,22x38,ATTGAGGACCGTGAGA,22,38,Keratinocytes,3.053176
28x14,28x14,ACTATGCAAACCGAGA,28,14,Keratinocytes,0.31750676
50x7,50x7,AACGTGATCAGATCTG,50,7,Keratinocytes,2.3291564
33x36,33x36,ACACAGAACCAGTTCA,33,36,Keratinocytes,4.299949
32x40,32x40,ACAGCAGACGAACTTA,32,40,Keratinocytes,5.5621963
1x29,1x29,GCCACATAATTGAGGA,1,29,Keratinocytes,4.6459584
24x28,24x28,AGTCACTAATCCTGTA,24,28,Keratinocytes,9.287207
24x23,24x23,AGTCACTAACTATGCA,24,23,Keratinocytes,1.3548386
17x33,17x33,CAGCGTTACACTTCGA,17,33,Keratinocytes,12.510031
24x37,24x37,AGTCACTACCGAAGTA,24,37,Keratinocytes,5.291738
25x12,25x12,AGCAGGAAAGTACAAG,25,12,Schwann cell,0.7680648
15x37,15x37,CCAGTTCACCGAAGTA,15,37,Keratinocytes,7.806495
30x27,30x27,ACGCTCGAAGTCACTA,30,27,Keratinocytes,1.1809949
41x23,41x23,ACAAGCTAACTATGCA,41,23,Schwann cell,0.30476603
37x35,37x35,AACCGAGACATACCAA,37,35,Keratinocytes,5.445431
5x20,5x20,GAATCTGAACCTCCAA,5,20,Keratinocytes,2.2485614
2x40,2x40,GATAGACACGAACTTA,2,40,Keratinocytes,2.799293
32x10,32x10,ACAGCAGAACAAGCTA,32,10,Keratinocytes,0.6206433
8x30,8x30,CTCAATGACAACCACA,8,30,Keratinocytes,0.4152334
18x32,18x32,CACTTCGACAATGGAA,18,32,Keratinocytes,4.479706
10x20,10x20,CGACTGGAACCTCCAA,10,20,Keratinocytes,2.8476677
19x42,19x42,CAATGGAACGCATACA,19,42,Keratinocytes,0.7131351
22x30,22x30,ATTGAGGACAACCACA,22,30,Keratinocytes,4.413509
38x31,38x31,AACAACCAGACTAGTA,38,31,Keratinocytes,0.8676291
12x46,12x46,CCTCCTGAGAATCTGA,12,46,Keratinocytes,2.4415576
26x13,26x13,AGATCGCAAACAACCA,26,13,Keratinocytes,1.1806697
2x33,2x33,GATAGACACACTTCGA,2,33,Keratinocytes,1.2371116
23x26,23x26,ATCCTGTAAGCAGGAA,23,26,Keratinocytes,0.86975896
7x44,7x44,CTGAGCCACTGAGCCA,7,44,Keratinocytes,1.9052415
26x33,26x33,AGATCGCACACTTCGA,26,33,Keratinocytes,11.749619
29x32,29x32,ACGTATCACAATGGAA,29,32,Keratinocytes,4.898106
22x35,22x35,ATTGAGGACATACCAA,22,35,Keratinocytes,5.0894427
2x37,2x37,GATAGACACCGAAGTA,2,37,Keratinocytes,1.8794554
38x32,38x32,AACAACCACAATGGAA,38,32,Keratinocytes,1.1396703
22x39,22x39,ATTGAGGACCTCCTGA,22,39,Keratinocytes,2.8354962
27x42,27x42,AGAGTCAACGCATACA,27,42,Keratinocytes,6.164579
17x26,17x26,CAGCGTTAAGCAGGAA,17,26,Keratinocytes,0.42685583
28x25,28x25,ACTATGCAAGATCGCA,28,25,Melanocyte,0.7420438
35x32,35x32,AAGACGGACAATGGAA,35,32,Keratinocytes,8.008952
36x28,36x28,AACGCTTAATCCTGTA,36,28,Keratinocytes,0.33192775
50x2,50x2,AACGTGATAAACATCG,50,2,Keratinocytes,2.1119654
32x6,32x6,ACAGCAGAACATTGGC,32,6,Keratinocytes,0.31797007
25x45,25x45,AGCAGGAACTGGCATA,25,45,Schwann cell,0.10346402
37x8,37x8,AACCGAGACATCAAGT,37,8,Keratinocytes,1.1950464
43x36,43x36,CATCAAGTCCAGTTCA,43,36,Keratinocytes,0.4535598
23x24,23x24,ATCCTGTAAGAGTCAA,23,24,Keratinocytes,3.7474413
13x17,13x17,CCGTGAGAAAGGTACA,13,17,Lymphatic endothelium,0.15211341
38x37,38x37,AACAACCACCGAAGTA,38,37,Keratinocytes,6.6736183
40x28,40x28,CTGTAGCCATCCTGTA,40,28,Keratinocytes,0.3113138
1x23,1x23,GCCACATAACTATGCA,1,23,Keratinocytes,1.672571
16x37,16x37,CATACCAACCGAAGTA,16,37,Keratinocytes,4.3123336
35x16,35x16,AAGACGGAAAGACGGA,35,16,Keratinocytes,0.2879654
20x24,20x24,GACTAGTAAGAGTCAA,20,24,Keratinocytes,1.5300074
4x40,4x40,CAAGACTACGAACTTA,4,40,Keratinocytes,3.190579
29x28,29x28,ACGTATCAATCCTGTA,29,28,Keratinocytes,1.0277716
26x36,26x36,AGATCGCACCAGTTCA,26,36,Keratinocytes,6.1903877
23x15,23x15,ATCCTGTAAACGCTTA,23,15,Keratinocytes,1.2835728
33x30,33x30,ACACAGAACAACCACA,33,30,Schwann cell,0.83012414
35x31,35x31,AAGACGGAGACTAGTA,35,31,Keratinocytes,1.0847474
21x39,21x39,CAACCACACCTCCTGA,21,39,Keratinocytes,5.0971365
8x20,8x20,CTCAATGAACCTCCAA,8,20,Schwann cell,1.5176878
39x32,39x32,AGTACAAGCAATGGAA,39,32,Schwann cell,0.4609945
25x30,25x30,AGCAGGAACAACCACA,25,30,Keratinocytes,7.638886
8x46,8x46,CTCAATGAGAATCTGA,8,46,Keratinocytes,4.291007
35x40,35x40,AAGACGGACGAACTTA,35,40,Keratinocytes,5.630861
20x34,20x34,GACTAGTACAGCGTTA,20,34,Keratinocytes,3.9712489
14x47,14x47,CCGAAGTACAAGACTA,14,47,Keratinocytes,2.347089
25x44,25x44,AGCAGGAACTGAGCCA,25,44,Keratinocytes,0.34059167
28x29,28x29,ACTATGCAATTGAGGA,28,29,Keratinocytes,3.5833263
25x31,25x31,AGCAGGAAGACTAGTA,25,31,Keratinocytes,6.8578863
22x28,22x28,ATTGAGGAATCCTGTA,22,28,Keratinocytes,8.474343
47x49,47x49,AGTGGTCAGATAGACA,47,49,Keratinocytes,5.6589575
27x35,27x35,AGAGTCAACATACCAA,27,35,Keratinocytes,5.628603
20x38,20x38,GACTAGTACCGTGAGA,20,38,Keratinocytes,4.469164
12x28,12x28,CCTCCTGAATCCTGTA,12,28,Schwann cell,0.4155867
34x36,34x36,AAGGTACACCAGTTCA,34,36,Keratinocytes,3.1112237
20x47,20x47,GACTAGTACAAGACTA,20,47,Keratinocytes,1.7048193
20x30,20x30,GACTAGTACAACCACA,20,30,Keratinocytes,7.1951146
39x30,39x30,AGTACAAGCAACCACA,39,30,Keratinocytes,0.47960863
20x28,20x28,GACTAGTAATCCTGTA,20,28,Keratinocytes,3.9581618
19x31,19x31,CAATGGAAGACTAGTA,19,31,Keratinocytes,3.0742903
26x29,26x29,AGATCGCAATTGAGGA,26,29,Keratinocytes,6.13522
38x10,38x10,AACAACCAACAAGCTA,38,10,Schwann cell,1.4238464
9x44,9x44,CGCATACACTGAGCCA,9,44,Keratinocytes,0.6189141
38x38,38x38,AACAACCACCGTGAGA,38,38,Keratinocytes,5.713614
34x10,34x10,AAGGTACAACAAGCTA,34,10,Keratinocytes,1.6095076
17x48,17x48,CAGCGTTAGAGCTGAA,17,48,Keratinocytes,1.9138943
1x30,1x30,GCCACATACAACCACA,1,30,Keratinocytes,2.5055974
37x30,37x30,AACCGAGACAACCACA,37,30,Keratinocytes,1.1492028
23x46,23x46,ATCCTGTAGAATCTGA,23,46,Keratinocytes,0.15284942
47x2,47x2,AGTGGTCAAAACATCG,47,2,Keratinocytes,0.88671833
38x2,38x2,AACAACCAAAACATCG,38,2,Schwann cell,0.80884963
46x39,46x39,ACCACTGTCCTCCTGA,46,39,Keratinocytes,0.48484248
41x33,41x33,ACAAGCTACACTTCGA,41,33,Keratinocytes,0.8236139
16x40,16x40,CATACCAACGAACTTA,16,40,Keratinocytes,0.8434662
33x29,33x29,ACACAGAAATTGAGGA,33,29,Keratinocytes,2.2000473
31x27,31x27,ACCTCCAAAGTCACTA,31,27,Keratinocytes,0.5910495
21x41,21x41,CAACCACACGACTGGA,21,41,Keratinocytes,2.9845283
23x39,23x39,ATCCTGTACCTCCTGA,23,39,Keratinocytes,3.6663063
24x42,24x42,AGTCACTACGCATACA,24,42,Keratinocytes,4.0978727
11x32,11x32,CGAACTTACAATGGAA,11,32,Keratinocytes,0.36956212
21x42,21x42,CAACCACACGCATACA,21,42,Keratinocytes,2.3328805
16x35,16x35,CATACCAACATACCAA,16,35,Keratinocytes,6.276199
41x28,41x28,ACAAGCTAATCCTGTA,41,28,Keratinocytes,0.5125017
13x15,13x15,CCGTGAGAAACGCTTA,13,15,Schwann cell,0.3795743
5x39,5x39,GAATCTGACCTCCTGA,5,39,Keratinocytes,0.8028499
28x9,28x9,ACTATGCACGCTGATC,28,9,Keratinocytes,0.6963187
38x25,38x25,AACAACCAAGATCGCA,38,25,Keratinocytes,0.8568533
10x46,10x46,CGACTGGAGAATCTGA,10,46,Keratinocytes,2.5589032
21x35,21x35,CAACCACACATACCAA,21,35,Keratinocytes,4.2278314
29x46,29x46,ACGTATCAGAATCTGA,29,46,Keratinocytes,0.39291474
14x49,14x49,CCGAAGTAGATAGACA,14,49,Keratinocytes,1.3003608
23x27,23x27,ATCCTGTAAGTCACTA,23,27,Keratinocytes,6.5248194
35x39,35x39,AAGACGGACCTCCTGA,35,39,Keratinocytes,5.1819963
24x30,24x30,AGTCACTACAACCACA,24,30,Keratinocytes,6.2007365
19x34,19x34,CAATGGAACAGCGTTA,19,34,Keratinocytes,6.013047
37x2,37x2,AACCGAGAAAACATCG,37,2,Keratinocytes,0.56706744
11x49,11x49,CGAACTTAGATAGACA,11,49,Keratinocytes,2.548952
26x30,26x30,AGATCGCACAACCACA,26,30,Keratinocytes,5.369274
35x15,35x15,AAGACGGAAACGCTTA,35,15,Keratinocytes,0.7075666
32x7,32x7,ACAGCAGACAGATCTG,32,7,Keratinocytes,0.5018351
31x32,31x32,ACCTCCAACAATGGAA,31,32,Keratinocytes,7.751642
21x38,21x38,CAACCACACCGTGAGA,21,38,Keratinocytes,4.7301693
33x5,33x5,ACACAGAAACCACTGT,33,5,Keratinocytes,0.77319914
24x34,24x34,AGTCACTACAGCGTTA,24,34,Keratinocytes,2.7315717
23x9,23x9,ATCCTGTACGCTGATC,23,9,Keratinocytes,1.7020936
9x48,9x48,CGCATACAGAGCTGAA,9,48,Keratinocytes,4.209439
7x21,7x21,CTGAGCCAACGCTCGA,7,21,Schwann cell,0.7860417
27x28,27x28,AGAGTCAAATCCTGTA,27,28,Schwann cell,0.9837796
17x35,17x35,CAGCGTTACATACCAA,17,35,Keratinocytes,4.9815707
20x15,20x15,GACTAGTAAACGCTTA,20,15,Keratinocytes,0.23227435
25x32,25x32,AGCAGGAACAATGGAA,25,32,Keratinocytes,3.766919
41x24,41x24,ACAAGCTAAGAGTCAA,41,24,Keratinocytes,0.9782786
16x31,16x31,CATACCAAGACTAGTA,16,31,Keratinocytes,1.264222
26x9,26x9,AGATCGCACGCTGATC,26,9,Keratinocytes,0.33299327
9x20,9x20,CGCATACAACCTCCAA,9,20,Keratinocytes,1.857307
29x49,29x49,ACGTATCAGATAGACA,29,49,Keratinocytes,2.5187087
10x50,10x50,CGACTGGAGCCACATA,10,50,Keratinocytes,5.540612
38x34,38x34,AACAACCACAGCGTTA,38,34,Keratinocytes,3.6568668
31x19,31x19,ACCTCCAAACAGCAGA,31,19,Schwann cell,0.7861818
19x28,19x28,CAATGGAAATCCTGTA,19,28,Keratinocytes,2.6880524
37x34,37x34,AACCGAGACAGCGTTA,37,34,Keratinocytes,6.42065
12x42,12x42,CCTCCTGACGCATACA,12,42,Keratinocytes,1.6887982
9x47,9x47,CGCATACACAAGACTA,9,47,Keratinocytes,4.9375224
19x10,19x10,CAATGGAAACAAGCTA,19,10,Schwann cell,0.118825436
37x7,37x7,AACCGAGACAGATCTG,37,7,Keratinocytes,1.0003313
23x34,23x34,ATCCTGTACAGCGTTA,23,34,Keratinocytes,7.9101043
37x31,37x31,AACCGAGAGACTAGTA,37,31,Keratinocytes,1.6940976
35x28,35x28,AAGACGGAATCCTGTA,35,28,Keratinocytes,1.3834238
25x42,25x42,AGCAGGAACGCATACA,25,42,Keratinocytes,4.67472
26x15,26x15,AGATCGCAAACGCTTA,26,15,Schwann cell,0.550175
25x37,25x37,AGCAGGAACCGAAGTA,25,37,Keratinocytes,3.7492118
50x49,50x49,AACGTGATGATAGACA,50,49,Keratinocytes,4.0605464
33x6,33x6,ACACAGAAACATTGGC,33,6,Keratinocytes,0.19205762
17x29,17x29,CAGCGTTAATTGAGGA,17,29,Keratinocytes,0.8647245
33x49,33x49,ACACAGAAGATAGACA,33,49,Keratinocytes,3.2355855
49x5,49x5,AAACATCGACCACTGT,49,5,Keratinocytes,2.87179
29x29,29x29,ACGTATCAATTGAGGA,29,29,Keratinocytes,1.5004514
30x36,30x36,ACGCTCGACCAGTTCA,30,36,Keratinocytes,2.8462455
26x35,26x35,AGATCGCACATACCAA,26,35,Keratinocytes,6.234331
34x49,34x49,AAGGTACAGATAGACA,34,49,Keratinocytes,2.8821924
8x41,8x41,CTCAATGACGACTGGA,8,41,Keratinocytes,0.94231355
24x40,24x40,AGTCACTACGAACTTA,24,40,Keratinocytes,3.5937045
14x46,14x46,CCGAAGTAGAATCTGA,14,46,Keratinocytes,1.2203957
8x45,8x45,CTCAATGACTGGCATA,8,45,Keratinocytes,4.3745894
38x8,38x8,AACAACCACATCAAGT,38,8,Keratinocytes,1.1681288
37x36,37x36,AACCGAGACCAGTTCA,37,36,Keratinocytes,6.740914
32x36,32x36,ACAGCAGACCAGTTCA,32,36,Keratinocytes,2.8893964
18x15,18x15,CACTTCGAAACGCTTA,18,15,Keratinocytes,1.4210385
34x8,34x8,AAGGTACACATCAAGT,34,8,Schwann cell,1.2960963
18x45,18x45,CACTTCGACTGGCATA,18,45,Keratinocytes,0.95667946
6x21,6x21,CTGGCATAACGCTCGA,6,21,Keratinocytes,1.6025485
11x39,11x39,CGAACTTACCTCCTGA,11,39,Keratinocytes,1.6204654
14x31,14x31,CCGAAGTAGACTAGTA,14,31,Keratinocytes,0.5676571
18x49,18x49,CACTTCGAGATAGACA,18,49,Keratinocytes,2.223824
6x33,6x33,CTGGCATACACTTCGA,6,33,Keratinocytes,0.9280333
28x28,28x28,ACTATGCAATCCTGTA,28,28,Keratinocytes,1.5828348
24x45,24x45,AGTCACTACTGGCATA,24,45,Keratinocytes,0.21585888
30x39,30x39,ACGCTCGACCTCCTGA,30,39,Keratinocytes,1.2089183
18x36,18x36,CACTTCGACCAGTTCA,18,36,Keratinocytes,3.7502174
39x9,39x9,AGTACAAGCGCTGATC,39,9,Keratinocytes,0.9339362
18x50,18x50,CACTTCGAGCCACATA,18,50,Keratinocytes,1.5323
29x50,29x50,ACGTATCAGCCACATA,29,50,Keratinocytes,3.8035054
43x2,43x2,CATCAAGTAAACATCG,43,2,Schwann cell,0.5503638
30x49,30x49,ACGCTCGAGATAGACA,30,49,Keratinocytes,3.0553741
11x20,11x20,CGAACTTAACCTCCAA,11,20,Keratinocytes,1.7452116
25x41,25x41,AGCAGGAACGACTGGA,25,41,Keratinocytes,3.1121674
17x28,17x28,CAGCGTTAATCCTGTA,17,28,Keratinocytes,0.80419844
40x21,40x21,CTGTAGCCACGCTCGA,40,21,Keratinocytes,1.1036687
33x34,33x34,ACACAGAACAGCGTTA,33,34,Keratinocytes,3.4339204
36x41,36x41,AACGCTTACGACTGGA,36,41,Keratinocytes,1.1126829
37x38,37x38,AACCGAGACCGTGAGA,37,38,Keratinocytes,3.385498
23x32,23x32,ATCCTGTACAATGGAA,23,32,Keratinocytes,8.741834
19x45,19x45,CAATGGAACTGGCATA,19,45,Keratinocytes,0.81346303
29x31,29x31,ACGTATCAGACTAGTA,29,31,Keratinocytes,6.741301
15x49,15x49,CCAGTTCAGATAGACA,15,49,Keratinocytes,1.4458166
36x34,36x34,AACGCTTACAGCGTTA,36,34,Keratinocytes,3.8283732
16x34,16x34,CATACCAACAGCGTTA,16,34,Keratinocytes,4.588937
17x39,17x39,CAGCGTTACCTCCTGA,17,39,Keratinocytes,1.4391313
17x41,17x41,CAGCGTTACGACTGGA,17,41,Keratinocytes,1.1085255
39x21,39x21,AGTACAAGACGCTCGA,39,21,Schwann cell,0.32382444
30x34,30x34,ACGCTCGACAGCGTTA,30,34,Keratinocytes,4.87053
47x41,47x41,AGTGGTCACGACTGGA,47,41,Keratinocytes,0.3534211
28x21,28x21,ACTATGCAACGCTCGA,28,21,Schwann cell,0.6265008
19x26,19x26,CAATGGAAAGCAGGAA,19,26,Keratinocytes,0.29565445
16x36,16x36,CATACCAACCAGTTCA,16,36,Keratinocytes,6.764008
41x22,41x22,ACAAGCTAACGTATCA,41,22,Schwann cell,0.23928563
28x32,28x32,ACTATGCACAATGGAA,28,32,Keratinocytes,6.322296
36x39,36x39,AACGCTTACCTCCTGA,36,39,Keratinocytes,4.116962
44x37,44x37,CAGATCTGCCGAAGTA,44,37,Keratinocytes,0.45973718
32x49,32x49,ACAGCAGAGATAGACA,32,49,Keratinocytes,2.8048394
11x47,11x47,CGAACTTACAAGACTA,11,47,Keratinocytes,0.37329766
25x35,25x35,AGCAGGAACATACCAA,25,35,Keratinocytes,4.760083
34x50,34x50,AAGGTACAGCCACATA,34,50,Keratinocytes,0.51148653
41x21,41x21,ACAAGCTAACGCTCGA,41,21,Mast cell,0.070204474
22x10,22x10,ATTGAGGAACAAGCTA,22,10,Keratinocytes,1.6682578
40x32,40x32,CTGTAGCCCAATGGAA,40,32,Keratinocytes,0.923719
40x6,40x6,CTGTAGCCACATTGGC,40,6,Keratinocytes,0.44210726
5x25,5x25,GAATCTGAAGATCGCA,5,25,Keratinocytes,1.021519
41x5,41x5,ACAAGCTAACCACTGT,41,5,Schwann cell,0.82007074
8x44,8x44,CTCAATGACTGAGCCA,8,44,Keratinocytes,0.43099907
16x45,16x45,CATACCAACTGGCATA,16,45,Schwann cell,0.1414788
23x23,23x23,ATCCTGTAACTATGCA,23,23,Keratinocytes,1.3914676
24x33,24x33,AGTCACTACACTTCGA,24,33,Keratinocytes,4.7101517
10x47,10x47,CGACTGGACAAGACTA,10,47,Keratinocytes,2.1878924
5x33,5x33,GAATCTGACACTTCGA,5,33,Keratinocytes,1.703086
9x45,9x45,CGCATACACTGGCATA,9,45,Keratinocytes,1.4222555
34x19,34x19,AAGGTACAACAGCAGA,34,19,Schwann cell,0.4348655
39x22,39x22,AGTACAAGACGTATCA,39,22,Keratinocytes,0.042679213
4x20,4x20,CAAGACTAACCTCCAA,4,20,Keratinocytes,1.9648165
35x30,35x30,AAGACGGACAACCACA,35,30,Keratinocytes,1.9459012
27x43,27x43,AGAGTCAACTCAATGA,27,43,Keratinocytes,4.315603
27x41,27x41,AGAGTCAACGACTGGA,27,41,Keratinocytes,2.9146473
1x25,1x25,GCCACATAAGATCGCA,1,25,Keratinocytes,3.0025535
29x39,29x39,ACGTATCACCTCCTGA,29,39,Keratinocytes,3.3154867
31x49,31x49,ACCTCCAAGATAGACA,31,49,Keratinocytes,2.271697
38x18,38x18,AACAACCAACACAGAA,38,18,Keratinocytes,0.48318538
50x13,50x13,AACGTGATAACAACCA,50,13,Keratinocytes,0.49839467
41x8,41x8,ACAAGCTACATCAAGT,41,8,Keratinocytes,0.8660089
17x13,17x13,CAGCGTTAAACAACCA,17,13,Schwann cell,2.1742694
5x21,5x21,GAATCTGAACGCTCGA,5,21,Keratinocytes,3.739551
35x25,35x25,AAGACGGAAGATCGCA,35,25,Melanocyte,1.1249765
35x7,35x7,AAGACGGACAGATCTG,35,7,Keratinocytes,0.48544788
42x15,42x15,CGCTGATCAACGCTTA,42,15,Schwann cell,0.38636887
29x43,29x43,ACGTATCACTCAATGA,29,43,Keratinocytes,1.5181379
49x2,49x2,AAACATCGAAACATCG,49,2,Schwann cell,1.3532584
1x36,1x36,GCCACATACCAGTTCA,1,36,Keratinocytes,3.379294
6x34,6x34,CTGGCATACAGCGTTA,6,34,Schwann cell,0.08273951
15x14,15x14,CCAGTTCAAACCGAGA,15,14,Schwann cell,0.27633068
38x40,38x40,AACAACCACGAACTTA,38,40,Keratinocytes,1.3692316
48x1,48x1,ATGCCTAAAACGTGAT,48,1,Schwann cell,1.9890741
23x38,23x38,ATCCTGTACCGTGAGA,23,38,Keratinocytes,2.4258983
1x40,1x40,GCCACATACGAACTTA,1,40,Keratinocytes,3.7227018
23x40,23x40,ATCCTGTACGAACTTA,23,40,Keratinocytes,4.181533
23x41,23x41,ATCCTGTACGACTGGA,23,41,Keratinocytes,3.254301
35x36,35x36,AAGACGGACCAGTTCA,35,36,Keratinocytes,3.5599098
42x38,42x38,CGCTGATCCCGTGAGA,42,38,Keratinocytes,0.9805158
29x15,29x15,ACGTATCAAACGCTTA,29,15,Keratinocytes,0.825879
12x39,12x39,CCTCCTGACCTCCTGA,12,39,Keratinocytes,2.3250606
13x28,13x28,CCGTGAGAATCCTGTA,13,28,Keratinocytes,0.23945914
45x20,45x20,ACATTGGCACCTCCAA,45,20,Mural cell,0.6837105
47x3,47x3,AGTGGTCAATGCCTAA,47,3,Keratinocytes,1.2201496
39x35,39x35,AGTACAAGCATACCAA,39,35,Keratinocytes,1.1410738
38x39,38x39,AACAACCACCTCCTGA,38,39,Keratinocytes,2.587185
32x29,32x29,ACAGCAGAATTGAGGA,32,29,Mural cell,1.8766353
13x47,13x47,CCGTGAGACAAGACTA,13,47,Fibroblast,0.2579725
5x41,5x41,GAATCTGACGACTGGA,5,41,Keratinocytes,1.3270253
32x43,32x43,ACAGCAGACTCAATGA,32,43,Keratinocytes,0.5116005
29x14,29x14,ACGTATCAAACCGAGA,29,14,Schwann cell,0.22079279
18x13,18x13,CACTTCGAAACAACCA,18,13,Schwann cell,1.0343565
45x33,45x33,ACATTGGCCACTTCGA,45,33,Keratinocytes,1.289622
38x14,38x14,AACAACCAAACCGAGA,38,14,Keratinocytes,0.43942487
42x32,42x32,CGCTGATCCAATGGAA,42,32,Keratinocytes,0.5658082
19x50,19x50,CAATGGAAGCCACATA,19,50,Keratinocytes,1.470537
43x4,43x4,CATCAAGTAGTGGTCA,43,4,Keratinocytes,0.4537999
11x41,11x41,CGAACTTACGACTGGA,11,41,Schwann cell,0.5159455
36x14,36x14,AACGCTTAAACCGAGA,36,14,Keratinocytes,0.13773261
25x46,25x46,AGCAGGAAGAATCTGA,25,46,Schwann cell,0.39959088
21x47,21x47,CAACCACACAAGACTA,21,47,Keratinocytes,0.42816
22x46,22x46,ATTGAGGAGAATCTGA,22,46,Keratinocytes,0.1918251
29x8,29x8,ACGTATCACATCAAGT,29,8,Keratinocytes,0.63699895
19x49,19x49,CAATGGAAGATAGACA,19,49,Keratinocytes,2.1443622
36x35,36x35,AACGCTTACATACCAA,36,35,Keratinocytes,3.7288933
21x15,21x15,CAACCACAAACGCTTA,21,15,Keratinocytes,0.5060054
34x5,34x5,AAGGTACAACCACTGT,34,5,Keratinocytes,0.8580628
36x30,36x30,AACGCTTACAACCACA,36,30,Keratinocytes,0.5680258
15x45,15x45,CCAGTTCACTGGCATA,15,45,Schwann cell,0.42854804
38x33,38x33,AACAACCACACTTCGA,38,33,Keratinocytes,3.7469704
5x43,5x43,GAATCTGACTCAATGA,5,43,Keratinocytes,2.4498312
32x8,32x8,ACAGCAGACATCAAGT,32,8,Keratinocytes,1.278909
22x40,22x40,ATTGAGGACGAACTTA,22,40,Keratinocytes,2.6277342
23x10,23x10,ATCCTGTAACAAGCTA,23,10,Keratinocytes,1.1454884
1x35,1x35,GCCACATACATACCAA,1,35,Keratinocytes,1.6430951
15x31,15x31,CCAGTTCAGACTAGTA,15,31,Keratinocytes,0.57885325
1x24,1x24,GCCACATAAGAGTCAA,1,24,Keratinocytes,1.6819682
21x24,21x24,CAACCACAAGAGTCAA,21,24,Keratinocytes,2.414333
3x20,3x20,GAGCTGAAACCTCCAA,3,20,Keratinocytes,2.6093109
13x41,13x41,CCGTGAGACGACTGGA,13,41,Keratinocytes,0.17557992
12x47,12x47,CCTCCTGACAAGACTA,12,47,Keratinocytes,0.30014157
26x38,26x38,AGATCGCACCGTGAGA,26,38,Schwann cell,1.0254216
33x24,33x24,ACACAGAAAGAGTCAA,33,24,Keratinocytes,1.422929
19x12,19x12,CAATGGAAAGTACAAG,19,12,Keratinocytes,0.7461518
40x30,40x30,CTGTAGCCCAACCACA,40,30,Keratinocytes,0.925449
27x36,27x36,AGAGTCAACCAGTTCA,27,36,Keratinocytes,4.819816
28x22,28x22,ACTATGCAACGTATCA,28,22,Keratinocytes,0.23312338
31x42,31x42,ACCTCCAACGCATACA,31,42,Keratinocytes,1.9996285
43x39,43x39,CATCAAGTCCTCCTGA,43,39,Schwann cell,0.46263814
2x19,2x19,GATAGACAACAGCAGA,2,19,Keratinocytes,1.41581
25x39,25x39,AGCAGGAACCTCCTGA,25,39,Keratinocytes,3.9397967
38x42,38x42,AACAACCACGCATACA,38,42,Keratinocytes,1.6783165
26x41,26x41,AGATCGCACGACTGGA,26,41,Keratinocytes,1.6836562
34x29,34x29,AAGGTACAATTGAGGA,34,29,Keratinocytes,1.1720054
25x19,25x19,AGCAGGAAACAGCAGA,25,19,Keratinocytes,1.2935786
20x39,20x39,GACTAGTACCTCCTGA,20,39,Keratinocytes,3.2435768
37x26,37x26,AACCGAGAAGCAGGAA,37,26,Schwann cell,0.7193263
41x34,41x34,ACAAGCTACAGCGTTA,41,34,Schwann cell,0.54263663
25x40,25x40,AGCAGGAACGAACTTA,25,40,Keratinocytes,3.0417476
20x40,20x40,GACTAGTACGAACTTA,20,40,Keratinocytes,3.1683595
31x28,31x28,ACCTCCAAATCCTGTA,31,28,Keratinocytes,1.1865166
32x34,32x34,ACAGCAGACAGCGTTA,32,34,Keratinocytes,2.3235655
34x28,34x28,AAGGTACAATCCTGTA,34,28,Schwann cell,0.62267506
1x39,1x39,GCCACATACCTCCTGA,1,39,Keratinocytes,2.273861
48x8,48x8,ATGCCTAACATCAAGT,48,8,Keratinocytes,1.3313433
1x34,1x34,GCCACATACAGCGTTA,1,34,Keratinocytes,2.5244257
21x9,21x9,CAACCACACGCTGATC,21,9,Keratinocytes,0.9166542
11x35,11x35,CGAACTTACATACCAA,11,35,Keratinocytes,0.70633143
24x35,24x35,AGTCACTACATACCAA,24,35,Keratinocytes,1.6360161
37x13,37x13,AACCGAGAAACAACCA,37,13,Keratinocytes,0.8370825
1x41,1x41,GCCACATACGACTGGA,1,41,Keratinocytes,1.1111865
40x29,40x29,CTGTAGCCATTGAGGA,40,29,Keratinocytes,0.26345617
40x42,40x42,CTGTAGCCCGCATACA,40,42,Keratinocytes,0.7283591
33x39,33x39,ACACAGAACCTCCTGA,33,39,Keratinocytes,2.6575015
24x13,24x13,AGTCACTAAACAACCA,24,13,Schwann cell,0.73657656
36x24,36x24,AACGCTTAAGAGTCAA,36,24,Keratinocytes,0.41673747
32x13,32x13,ACAGCAGAAACAACCA,32,13,Keratinocytes,0.7681331
47x11,47x11,AGTGGTCACTGTAGCC,47,11,Schwann cell,0.02994265
9x42,9x42,CGCATACACGCATACA,9,42,Keratinocytes,1.5561618
40x26,40x26,CTGTAGCCAGCAGGAA,40,26,Keratinocytes,0.037443668
33x27,33x27,ACACAGAAAGTCACTA,33,27,Schwann cell,0.63609797
22x50,22x50,ATTGAGGAGCCACATA,22,50,Keratinocytes,1.9326065
46x7,46x7,ACCACTGTCAGATCTG,46,7,Mast cell,0.21232815
37x40,37x40,AACCGAGACGAACTTA,37,40,Keratinocytes,1.4085425
50x3,50x3,AACGTGATATGCCTAA,50,3,Keratinocytes,1.5042504
27x40,27x40,AGAGTCAACGAACTTA,27,40,Keratinocytes,4.009511
22x43,22x43,ATTGAGGACTCAATGA,22,43,Keratinocytes,0.9455592
28x30,28x30,ACTATGCACAACCACA,28,30,Keratinocytes,3.6266494
12x15,12x15,CCTCCTGAAACGCTTA,12,15,Keratinocytes,0.5069941
2x28,2x28,GATAGACAATCCTGTA,2,28,Keratinocytes,1.8137128
4x23,4x23,CAAGACTAACTATGCA,4,23,Keratinocytes,1.1708881
36x27,36x27,AACGCTTAAGTCACTA,36,27,Schwann cell,0.097279534
26x12,26x12,AGATCGCAAGTACAAG,26,12,Keratinocytes,0.4594252
8x40,8x40,CTCAATGACGAACTTA,8,40,Keratinocytes,0.6177451
32x50,32x50,ACAGCAGAGCCACATA,32,50,Keratinocytes,0.5617757
38x24,38x24,AACAACCAAGAGTCAA,38,24,Keratinocytes,1.0306485
36x13,36x13,AACGCTTAAACAACCA,36,13,Schwann cell,0.5874975
20x11,20x11,GACTAGTACTGTAGCC,20,11,Schwann cell,0.13335472
36x6,36x6,AACGCTTAACATTGGC,36,6,Keratinocytes,0.7096029
9x39,9x39,CGCATACACCTCCTGA,9,39,Schwann cell,0.4295638
12x20,12x20,CCTCCTGAACCTCCAA,12,20,Keratinocytes,0.32878563
37x19,37x19,AACCGAGAACAGCAGA,37,19,Keratinocytes,0.73033583
22x15,22x15,ATTGAGGAAACGCTTA,22,15,Keratinocytes,1.2514915
14x29,14x29,CCGAAGTAATTGAGGA,14,29,Keratinocytes,0.5878152
20x41,20x41,GACTAGTACGACTGGA,20,41,Keratinocytes,2.8596497
41x6,41x6,ACAAGCTAACATTGGC,41,6,Keratinocytes,0.7485751
27x12,27x12,AGAGTCAAAGTACAAG,27,12,Keratinocytes,0.32374123
2x38,2x38,GATAGACACCGTGAGA,2,38,Keratinocytes,2.0249796
15x43,15x43,CCAGTTCACTCAATGA,15,43,Keratinocytes,0.5222783
35x38,35x38,AAGACGGACCGTGAGA,35,38,Keratinocytes,0.60809004
39x11,39x11,AGTACAAGCTGTAGCC,39,11,Keratinocytes,0.54074115
42x12,42x12,CGCTGATCAGTACAAG,42,12,Keratinocytes,0.23863453
38x17,38x17,AACAACCAAAGGTACA,38,17,Keratinocytes,0.23848793
40x25,40x25,CTGTAGCCAGATCGCA,40,25,Keratinocytes,0.4784433
49x8,49x8,AAACATCGCATCAAGT,49,8,Keratinocytes,2.8410969
37x15,37x15,AACCGAGAAACGCTTA,37,15,Keratinocytes,0.5432009
5x23,5x23,GAATCTGAACTATGCA,5,23,Keratinocytes,1.1367179
11x40,11x40,CGAACTTACGAACTTA,11,40,Keratinocytes,1.8953537
34x48,34x48,AAGGTACAGAGCTGAA,34,48,Schwann cell,0.49260762
9x28,9x28,CGCATACAATCCTGTA,9,28,Keratinocytes,0.3738228
25x10,25x10,AGCAGGAAACAAGCTA,25,10,Keratinocytes,1.1845077
30x19,30x19,ACGCTCGAACAGCAGA,30,19,Keratinocytes,0.5594991
20x31,20x31,GACTAGTAGACTAGTA,20,31,Keratinocytes,2.2139657
13x32,13x32,CCGTGAGACAATGGAA,13,32,Keratinocytes,0.90936965
36x38,36x38,AACGCTTACCGTGAGA,36,38,Keratinocytes,0.33266947
17x37,17x37,CAGCGTTACCGAAGTA,17,37,Keratinocytes,1.7854514
23x47,23x47,ATCCTGTACAAGACTA,23,47,Keratinocytes,0.32579178
38x13,38x13,AACAACCAAACAACCA,38,13,Keratinocytes,0.77628785
14x28,14x28,CCGAAGTAATCCTGTA,14,28,Keratinocytes,0.9241664
28x43,28x43,ACTATGCACTCAATGA,28,43,Keratinocytes,2.8178675
10x28,10x28,CGACTGGAATCCTGTA,10,28,Keratinocytes,0.75175655
37x18,37x18,AACCGAGAACACAGAA,37,18,Keratinocytes,0.26886415
39x39,39x39,AGTACAAGCCTCCTGA,39,39,Keratinocytes,1.8207202
16x49,16x49,CATACCAAGATAGACA,16,49,Keratinocytes,1.2096312
14x50,14x50,CCGAAGTAGCCACATA,14,50,Keratinocytes,1.5725954
25x21,25x21,AGCAGGAAACGCTCGA,25,21,Schwann cell,0.92536336
41x10,41x10,ACAAGCTAACAAGCTA,41,10,Keratinocytes,0.16662398
2x21,2x21,GATAGACAACGCTCGA,2,21,Keratinocytes,1.1585263
16x39,16x39,CATACCAACCTCCTGA,16,39,Schwann cell,0.4390044
7x42,7x42,CTGAGCCACGCATACA,7,42,Keratinocytes,1.2386501
14x36,14x36,CCGAAGTACCAGTTCA,14,36,Keratinocytes,0.82291627
35x10,35x10,AAGACGGAACAAGCTA,35,10,Keratinocytes,0.7275151
27x14,27x14,AGAGTCAAAACCGAGA,27,14,Schwann cell,0.4862047
10x39,10x39,CGACTGGACCTCCTGA,10,39,Keratinocytes,1.5022274
43x43,43x43,CATCAAGTCTCAATGA,43,43,Keratinocytes,0.591454
35x44,35x44,AAGACGGACTGAGCCA,35,44,Keratinocytes,0.6922628
40x7,40x7,CTGTAGCCCAGATCTG,40,7,Keratinocytes,0.87120914
40x37,40x37,CTGTAGCCCCGAAGTA,40,37,Keratinocytes,2.7675672
46x4,46x4,ACCACTGTAGTGGTCA,46,4,Schwann cell,0.5350544
13x44,13x44,CCGTGAGACTGAGCCA,13,44,Keratinocytes,0.42240024
33x25,33x25,ACACAGAAAGATCGCA,33,25,Keratinocytes,0.50366926
2x27,2x27,GATAGACAAGTCACTA,2,27,Keratinocytes,0.86635566
7x22,7x22,CTGAGCCAACGTATCA,7,22,Keratinocytes,0.15476489
1x38,1x38,GCCACATACCGTGAGA,1,38,Schwann cell,1.7769349
24x10,24x10,AGTCACTAACAAGCTA,24,10,Keratinocytes,0.57976437
35x22,35x22,AAGACGGAACGTATCA,35,22,Schwann cell,0.09169733
7x31,7x31,CTGAGCCAGACTAGTA,7,31,Keratinocytes,0.2255364
14x40,14x40,CCGAAGTACGAACTTA,14,40,Keratinocytes,0.5689195
44x20,44x20,CAGATCTGACCTCCAA,44,20,Keratinocytes,0.30423835
36x9,36x9,AACGCTTACGCTGATC,36,9,Keratinocytes,0.41756326
43x29,43x29,CATCAAGTATTGAGGA,43,29,Keratinocytes,0.2583212
36x5,36x5,AACGCTTAACCACTGT,36,5,Keratinocytes,0.94204485
42x42,42x42,CGCTGATCCGCATACA,42,42,Keratinocytes,0.86384434
17x36,17x36,CAGCGTTACCAGTTCA,17,36,Keratinocytes,2.96074
22x13,22x13,ATTGAGGAAACAACCA,22,13,Keratinocytes,0.55174124
38x12,38x12,AACAACCAAGTACAAG,38,12,Keratinocytes,1.4481654
17x15,17x15,CAGCGTTAAACGCTTA,17,15,Keratinocytes,1.4253381
21x48,21x48,CAACCACAGAGCTGAA,21,48,Keratinocytes,0.39109656
44x35,44x35,CAGATCTGCATACCAA,44,35,Keratinocytes,0.20703946
24x32,24x32,AGTCACTACAATGGAA,24,32,Keratinocytes,6.488582
39x8,39x8,AGTACAAGCATCAAGT,39,8,Keratinocytes,0.8836013
42x14,42x14,CGCTGATCAACCGAGA,42,14,Keratinocytes,1.9115543
16x17,16x17,CATACCAAAAGGTACA,16,17,Keratinocytes,0.21801521
9x30,9x30,CGCATACACAACCACA,9,30,Keratinocytes,0.68247217
2x39,2x39,GATAGACACCTCCTGA,2,39,Keratinocytes,1.6418749
35x11,35x11,AAGACGGACTGTAGCC,35,11,Keratinocytes,0.31114215
31x9,31x9,ACCTCCAACGCTGATC,31,9,Schwann cell,1.0549573
22x17,22x17,ATTGAGGAAAGGTACA,22,17,Keratinocytes,0.20939326
44x24,44x24,CAGATCTGAGAGTCAA,44,24,Keratinocytes,0.9848186
18x37,18x37,CACTTCGACCGAAGTA,18,37,Schwann cell,0.78239363
3x34,3x34,GAGCTGAACAGCGTTA,3,34,Keratinocytes,1.609823
3x37,3x37,GAGCTGAACCGAAGTA,3,37,Keratinocytes,0.77086365
15x50,15x50,CCAGTTCAGCCACATA,15,50,Keratinocytes,1.0194159
26x37,26x37,AGATCGCACCGAAGTA,26,37,Keratinocytes,2.5903084
37x42,37x42,AACCGAGACGCATACA,37,42,Keratinocytes,1.2009629
5x22,5x22,GAATCTGAACGTATCA,5,22,Keratinocytes,1.0496796
15x13,15x13,CCAGTTCAAACAACCA,15,13,Schwann cell,1.0408932
17x45,17x45,CAGCGTTACTGGCATA,17,45,Schwann cell,0.26750162
20x49,20x49,GACTAGTAGATAGACA,20,49,Keratinocytes,1.6784216
15x39,15x39,CCAGTTCACCTCCTGA,15,39,Keratinocytes,0.47563028
37x9,37x9,AACCGAGACGCTGATC,37,9,Keratinocytes,0.553329
39x20,39x20,AGTACAAGACCTCCAA,39,20,Schwann cell,0.31105712
14x19,14x19,CCGAAGTAACAGCAGA,14,19,Schwann cell,0.6576476
15x47,15x47,CCAGTTCACAAGACTA,15,47,Keratinocytes,1.9231251
31x50,31x50,ACCTCCAAGCCACATA,31,50,Keratinocytes,2.5021632
20x13,20x13,GACTAGTAAACAACCA,20,13,Keratinocytes,1.233707
7x19,7x19,CTGAGCCAACAGCAGA,7,19,Keratinocytes,0.3783126
6x44,6x44,CTGGCATACTGAGCCA,6,44,Schwann cell,1.6012594
35x19,35x19,AAGACGGAACAGCAGA,35,19,Keratinocytes,1.0398252
20x27,20x27,GACTAGTAAGTCACTA,20,27,Keratinocytes,0.5331018
3x29,3x29,GAGCTGAAATTGAGGA,3,29,Keratinocytes,0.5090132
35x23,35x23,AAGACGGAACTATGCA,35,23,Keratinocytes,1.2794412
21x26,21x26,CAACCACAAGCAGGAA,21,26,Keratinocytes,1.0315974
2x20,2x20,GATAGACAACCTCCAA,2,20,Keratinocytes,1.7031765
21x10,21x10,CAACCACAACAAGCTA,21,10,Keratinocytes,1.0431299
8x19,8x19,CTCAATGAACAGCAGA,8,19,Keratinocytes,1.1370679
20x42,20x42,GACTAGTACGCATACA,20,42,Keratinocytes,0.91275007
5x18,5x18,GAATCTGAACACAGAA,5,18,Keratinocytes,0.74104923
39x16,39x16,AGTACAAGAAGACGGA,39,16,Vascular endothelium,0.15844226
24x7,24x7,AGTCACTACAGATCTG,24,7,Keratinocytes,0.7630263
41x11,41x11,ACAAGCTACTGTAGCC,41,11,Keratinocytes,0.14091638
7x25,7x25,CTGAGCCAAGATCGCA,7,25,Schwann cell,1.3671478
42x39,42x39,CGCTGATCCCTCCTGA,42,39,Keratinocytes,0.6356271
3x23,3x23,GAGCTGAAACTATGCA,3,23,Schwann cell,1.219307
6x35,6x35,CTGGCATACATACCAA,6,35,Keratinocytes,0.17300093
44x15,44x15,CAGATCTGAACGCTTA,44,15,Keratinocytes,0.7663676
19x47,19x47,CAATGGAACAAGACTA,19,47,Keratinocytes,1.0790701
10x45,10x45,CGACTGGACTGGCATA,10,45,Schwann cell,0.76347953
29x36,29x36,ACGTATCACCAGTTCA,29,36,Keratinocytes,2.8247786
34x27,34x27,AAGGTACAAGTCACTA,34,27,Keratinocytes,0.44955415
50x35,50x35,AACGTGATCATACCAA,50,35,Keratinocytes,2.1144316
43x17,43x17,CATCAAGTAAGGTACA,43,17,Keratinocytes,0.15961167
41x15,41x15,ACAAGCTAAACGCTTA,41,15,Schwann cell,0.5572069
15x29,15x29,CCAGTTCAATTGAGGA,15,29,Keratinocytes,0.98065245
36x25,36x25,AACGCTTAAGATCGCA,36,25,Keratinocytes,1.616395
14x15,14x15,CCGAAGTAAACGCTTA,14,15,Keratinocytes,0.7300433
4x29,4x29,CAAGACTAATTGAGGA,4,29,Schwann cell,0.5506404
48x11,48x11,ATGCCTAACTGTAGCC,48,11,Schwann cell,0.21299833
19x11,19x11,CAATGGAACTGTAGCC,19,11,Schwann cell,0.23714967
13x40,13x40,CCGTGAGACGAACTTA,13,40,Schwann cell,0.7056374
32x32,32x32,ACAGCAGACAATGGAA,32,32,Keratinocytes,2.8948252
49x11,49x11,AAACATCGCTGTAGCC,49,11,Keratinocytes,0.59646463
18x29,18x29,CACTTCGAATTGAGGA,18,29,Keratinocytes,1.7358692
16x47,16x47,CATACCAACAAGACTA,16,47,Keratinocytes,0.9454766
17x31,17x31,CAGCGTTAGACTAGTA,17,31,Keratinocytes,0.5626075
45x4,45x4,ACATTGGCAGTGGTCA,45,4,Schwann cell,0.21734832
35x13,35x13,AAGACGGAAACAACCA,35,13,Keratinocytes,0.9762895
12x14,12x14,CCTCCTGAAACCGAGA,12,14,Keratinocytes,0.43700942
38x43,38x43,AACAACCACTCAATGA,38,43,Schwann cell,0.49842712
15x40,15x40,CCAGTTCACGAACTTA,15,40,Keratinocytes,0.9919693
44x2,44x2,CAGATCTGAAACATCG,44,2,Schwann cell,0.67933166
13x50,13x50,CCGTGAGAGCCACATA,13,50,Keratinocytes,1.443821
6x19,6x19,CTGGCATAACAGCAGA,6,19,Schwann cell,1.6328126
33x42,33x42,ACACAGAACGCATACA,33,42,Keratinocytes,0.856689
43x19,43x19,CATCAAGTACAGCAGA,43,19,Keratinocytes,1.2213627
40x11,40x11,CTGTAGCCCTGTAGCC,40,11,Schwann cell,0.28312325
5x36,5x36,GAATCTGACCAGTTCA,5,36,Keratinocytes,0.360974
34x14,34x14,AAGGTACAAACCGAGA,34,14,Schwann cell,0.51844215
30x45,30x45,ACGCTCGACTGGCATA,30,45,Keratinocytes,0.5005821
22x49,22x49,ATTGAGGAGATAGACA,22,49,Keratinocytes,1.6695211
16x14,16x14,CATACCAAAACCGAGA,16,14,Keratinocytes,0.698066
8x21,8x21,CTCAATGAACGCTCGA,8,21,Keratinocytes,0.2194666
42x25,42x25,CGCTGATCAGATCGCA,42,25,Keratinocytes,0.3273701
41x13,41x13,ACAAGCTAAACAACCA,41,13,Keratinocytes,0.6907188
17x50,17x50,CAGCGTTAGCCACATA,17,50,Keratinocytes,0.77709365
39x19,39x19,AGTACAAGACAGCAGA,39,19,Keratinocytes,0.25212908
16x44,16x44,CATACCAACTGAGCCA,16,44,Keratinocytes,0.27861008
44x1,44x1,CAGATCTGAACGTGAT,44,1,Schwann cell,0.88565
16x11,16x11,CATACCAACTGTAGCC,16,11,Keratinocytes,0.48440626
38x16,38x16,AACAACCAAAGACGGA,38,16,Keratinocytes,0.14388391
19x32,19x32,CAATGGAACAATGGAA,19,32,Keratinocytes,3.5719566
7x36,7x36,CTGAGCCACCAGTTCA,7,36,Schwann cell,0.27876982
32x19,32x19,ACAGCAGAACAGCAGA,32,19,DC,0.23604448
44x39,44x39,CAGATCTGCCTCCTGA,44,39,Keratinocytes,0.37641203
33x38,33x38,ACACAGAACCGTGAGA,33,38,Lymphatic endothelium,0.31064066
4x25,4x25,CAAGACTAAGATCGCA,4,25,Keratinocytes,1.4780715
30x21,30x21,ACGCTCGAACGCTCGA,30,21,Keratinocytes,1.2202331
4x33,4x33,CAAGACTACACTTCGA,4,33,Keratinocytes,1.7221102
26x14,26x14,AGATCGCAAACCGAGA,26,14,Keratinocytes,0.55528766
19x41,19x41,CAATGGAACGACTGGA,19,41,Keratinocytes,1.5747502
26x18,26x18,AGATCGCAACACAGAA,26,18,Keratinocytes,0.5897321
41x39,41x39,ACAAGCTACCTCCTGA,41,39,Schwann cell,0.34338522
34x7,34x7,AAGGTACACAGATCTG,34,7,Keratinocytes,0.8977595
38x23,38x23,AACAACCAACTATGCA,38,23,Keratinocytes,0.6534985
12x41,12x41,CCTCCTGACGACTGGA,12,41,Keratinocytes,0.45220727
31x25,31x25,ACCTCCAAAGATCGCA,31,25,Schwann cell,0.4577813
25x47,25x47,AGCAGGAACAAGACTA,25,47,Schwann cell,0.70023704
20x12,20x12,GACTAGTAAGTACAAG,20,12,Keratinocytes,0.7492881
13x46,13x46,CCGTGAGAGAATCTGA,13,46,Keratinocytes,1.470348
46x33,46x33,ACCACTGTCACTTCGA,46,33,Keratinocytes,0.8473293
33x11,33x11,ACACAGAACTGTAGCC,33,11,Schwann cell,0.25054318
11x19,11x19,CGAACTTAACAGCAGA,11,19,Keratinocytes,0.8896799
24x26,24x26,AGTCACTAAGCAGGAA,24,26,Keratinocytes,0.933264
31x26,31x26,ACCTCCAAAGCAGGAA,31,26,Keratinocytes,0.46271318
48x10,48x10,ATGCCTAAACAAGCTA,48,10,Schwann cell,0.23955406
13x37,13x37,CCGTGAGACCGAAGTA,13,37,Keratinocytes,0.2576771
43x5,43x5,CATCAAGTACCACTGT,43,5,Keratinocytes,0.8520098
30x15,30x15,ACGCTCGAAACGCTTA,30,15,Schwann cell,0.67562926
6x45,6x45,CTGGCATACTGGCATA,6,45,Keratinocytes,0.9297935
49x3,49x3,AAACATCGATGCCTAA,49,3,Schwann cell,0.81957287
10x14,10x14,CGACTGGAAACCGAGA,10,14,Fibroblast,0.1979152
33x10,33x10,ACACAGAAACAAGCTA,33,10,Keratinocytes,0.90046227
7x35,7x35,CTGAGCCACATACCAA,7,35,Keratinocytes,0.33722457
43x20,43x20,CATCAAGTACCTCCAA,43,20,Keratinocytes,0.5115368
30x44,30x44,ACGCTCGACTGAGCCA,30,44,Schwann cell,0.15870082
39x23,39x23,AGTACAAGACTATGCA,39,23,Keratinocytes,0.19290096
14x13,14x13,CCGAAGTAAACAACCA,14,13,Keratinocytes,0.5562346
10x37,10x37,CGACTGGACCGAAGTA,10,37,Keratinocytes,0.7014373
38x5,38x5,AACAACCAACCACTGT,38,5,Keratinocytes,0.46741337
14x37,14x37,CCGAAGTACCGAAGTA,14,37,Keratinocytes,1.1995515
31x39,31x39,ACCTCCAACCTCCTGA,31,39,Keratinocytes,1.8465893
43x32,43x32,CATCAAGTCAATGGAA,43,32,Keratinocytes,0.4004416
7x27,7x27,CTGAGCCAAGTCACTA,7,27,B cell,0.20074998
42x36,42x36,CGCTGATCCCAGTTCA,42,36,Keratinocytes,0.6986811
49x7,49x7,AAACATCGCAGATCTG,49,7,Keratinocytes,0.9205523
20x10,20x10,GACTAGTAACAAGCTA,20,10,Keratinocytes,0.6334812
21x13,21x13,CAACCACAAACAACCA,21,13,Keratinocytes,1.1772149
31x14,31x14,ACCTCCAAAACCGAGA,31,14,Keratinocytes,0.3795865
44x3,44x3,CAGATCTGATGCCTAA,44,3,Schwann cell,0.7913199
33x4,33x4,ACACAGAAAGTGGTCA,33,4,Keratinocytes,0.27935788
7x28,7x28,CTGAGCCAATCCTGTA,7,28,Schwann cell,0.35570756
22x16,22x16,ATTGAGGAAAGACGGA,22,16,Schwann cell,0.25596327
22x41,22x41,ATTGAGGACGACTGGA,22,41,Keratinocytes,1.0219785
40x13,40x13,CTGTAGCCAACAACCA,40,13,Schwann cell,0.40058708
6x40,6x40,CTGGCATACGAACTTA,6,40,Keratinocytes,1.4261094
27x7,27x7,AGAGTCAACAGATCTG,27,7,Keratinocytes,0.2966387
11x14,11x14,CGAACTTAAACCGAGA,11,14,Keratinocytes,0.55963576
38x29,38x29,AACAACCAATTGAGGA,38,29,Keratinocytes,1.0402988
45x2,45x2,ACATTGGCAAACATCG,45,2,Schwann cell,0.76882476
21x27,21x27,CAACCACAAGTCACTA,21,27,Keratinocytes,0.579229
33x13,33x13,ACACAGAAAACAACCA,33,13,Keratinocytes,0.33603412
17x14,17x14,CAGCGTTAAACCGAGA,17,14,Keratinocytes,0.48110458
46x17,46x17,ACCACTGTAAGGTACA,46,17,Schwann cell,0.115142256
20x50,20x50,GACTAGTAGCCACATA,20,50,Keratinocytes,1.2476175
30x14,30x14,ACGCTCGAAACCGAGA,30,14,Schwann cell,0.36222354
10x16,10x16,CGACTGGAAAGACGGA,10,16,Keratinocytes,0.29792568
10x18,10x18,CGACTGGAACACAGAA,10,18,Schwann cell,0.76059383
47x39,47x39,AGTGGTCACCTCCTGA,47,39,Keratinocytes,0.1960485
21x44,21x44,CAACCACACTGAGCCA,21,44,Keratinocytes,0.3332923
7x40,7x40,CTGAGCCACGAACTTA,7,40,Schwann cell,0.97533005
10x48,10x48,CGACTGGAGAGCTGAA,10,48,Keratinocytes,3.5773468
25x8,25x8,AGCAGGAACATCAAGT,25,8,Keratinocytes,2.3860857
27x37,27x37,AGAGTCAACCGAAGTA,27,37,Keratinocytes,1.909159
11x46,11x46,CGAACTTAGAATCTGA,11,46,Keratinocytes,1.2865474
25x18,25x18,AGCAGGAAACACAGAA,25,18,Keratinocytes,0.4203157
25x26,25x26,AGCAGGAAAGCAGGAA,25,26,Keratinocytes,0.96231794
22x44,22x44,ATTGAGGACTGAGCCA,22,44,Keratinocytes,0.70217806
48x2,48x2,ATGCCTAAAAACATCG,48,2,Schwann cell,0.9197292
27x21,27x21,AGAGTCAAACGCTCGA,27,21,Keratinocytes,0.5567473
21x46,21x46,CAACCACAGAATCTGA,21,46,Keratinocytes,0.36565465
11x17,11x17,CGAACTTAAAGGTACA,11,17,Schwann cell,0.12165069
7x20,7x20,CTGAGCCAACCTCCAA,7,20,Keratinocytes,0.4560047
3x41,3x41,GAGCTGAACGACTGGA,3,41,Keratinocytes,0.9207935
13x29,13x29,CCGTGAGAATTGAGGA,13,29,Keratinocytes,0.41333097
36x29,36x29,AACGCTTAATTGAGGA,36,29,Keratinocytes,0.45820662
15x30,15x30,CCAGTTCACAACCACA,15,30,Keratinocytes,0.93048185
25x16,25x16,AGCAGGAAAAGACGGA,25,16,Schwann cell,0.23388423
43x24,43x24,CATCAAGTAGAGTCAA,43,24,Keratinocytes,0.8636907
47x50,47x50,AGTGGTCAGCCACATA,47,50,Schwann cell,0.22404557
33x15,33x15,ACACAGAAAACGCTTA,33,15,Keratinocytes,0.60007024
34x25,34x25,AAGGTACAAGATCGCA,34,25,Keratinocytes,0.92826843
43x13,43x13,CATCAAGTAACAACCA,43,13,Keratinocytes,0.4347019
37x6,37x6,AACCGAGAACATTGGC,37,6,Keratinocytes,0.23304775
17x10,17x10,CAGCGTTAACAAGCTA,17,10,Schwann cell,0.41155258
31x12,31x12,ACCTCCAAAGTACAAG,31,12,Keratinocytes,0.7536206
49x10,49x10,AAACATCGACAAGCTA,49,10,Keratinocytes,1.0171858
5x38,5x38,GAATCTGACCGTGAGA,5,38,Keratinocytes,1.2925737
27x31,27x31,AGAGTCAAGACTAGTA,27,31,Keratinocytes,2.6083207
15x38,15x38,CCAGTTCACCGTGAGA,15,38,Keratinocytes,1.357001
32x17,32x17,ACAGCAGAAAGGTACA,32,17,Keratinocytes,0.13253717
42x40,42x40,CGCTGATCCGAACTTA,42,40,Keratinocytes,0.47327065
16x12,16x12,CATACCAAAGTACAAG,16,12,Keratinocytes,0.35700208
3x28,3x28,GAGCTGAAATCCTGTA,3,28,Keratinocytes,0.77192557
7x45,7x45,CTGAGCCACTGGCATA,7,45,Keratinocytes,2.220035
41x38,41x38,ACAAGCTACCGTGAGA,41,38,Keratinocytes,1.6782482
42x37,42x37,CGCTGATCCCGAAGTA,42,37,Keratinocytes,0.7464576
25x15,25x15,AGCAGGAAAACGCTTA,25,15,Keratinocytes,0.726167
38x20,38x20,AACAACCAACCTCCAA,38,20,Keratinocytes,0.91486627
30x38,30x38,ACGCTCGACCGTGAGA,30,38,Keratinocytes,1.7380072
29x18,29x18,ACGTATCAACACAGAA,29,18,Keratinocytes,0.43391186
6x37,6x37,CTGGCATACCGAAGTA,6,37,Keratinocytes,1.0631423
9x43,9x43,CGCATACACTCAATGA,9,43,Keratinocytes,0.51194406
33x17,33x17,ACACAGAAAAGGTACA,33,17,Keratinocytes,0.22545792
24x8,24x8,AGTCACTACATCAAGT,24,8,Keratinocytes,1.5151027
39x24,39x24,AGTACAAGAGAGTCAA,39,24,Keratinocytes,0.33849618
38x30,38x30,AACAACCACAACCACA,38,30,Keratinocytes,2.32916
6x36,6x36,CTGGCATACCAGTTCA,6,36,Keratinocytes,0.43146104
36x26,36x26,AACGCTTAAGCAGGAA,36,26,Schwann cell,0.51299185
17x12,17x12,CAGCGTTAAGTACAAG,17,12,Schwann cell,0.43820232
24x18,24x18,AGTCACTAACACAGAA,24,18,Keratinocytes,0.4128285
24x16,24x16,AGTCACTAAAGACGGA,24,16,Schwann cell,0.1530232
40x9,40x9,CTGTAGCCCGCTGATC,40,9,Keratinocytes,0.3101264
39x34,39x34,AGTACAAGCAGCGTTA,39,34,Keratinocytes,0.6429107
9x35,9x35,CGCATACACATACCAA,9,35,Keratinocytes,1.0373025
18x14,18x14,CACTTCGAAACCGAGA,18,14,Keratinocytes,0.5051917
41x14,41x14,ACAAGCTAAACCGAGA,41,14,Keratinocytes,0.4467987
29x44,29x44,ACGTATCACTGAGCCA,29,44,Keratinocytes,0.31333312
37x28,37x28,AACCGAGAATCCTGTA,37,28,Keratinocytes,0.5820291
44x4,44x4,CAGATCTGAGTGGTCA,44,4,Schwann cell,0.36882648
8x28,8x28,CTCAATGAATCCTGTA,8,28,Keratinocytes,0.13110456
34x17,34x17,AAGGTACAAAGGTACA,34,17,Keratinocytes,0.4392444
14x45,14x45,CCGAAGTACTGGCATA,14,45,Keratinocytes,0.17178077
29x19,29x19,ACGTATCAACAGCAGA,29,19,Keratinocytes,0.94642556
28x23,28x23,ACTATGCAACTATGCA,28,23,Keratinocytes,0.27332634
18x17,18x17,CACTTCGAAAGGTACA,18,17,Keratinocytes,0.13273562
29x23,29x23,ACGTATCAACTATGCA,29,23,Keratinocytes,0.35721627
24x12,24x12,AGTCACTAAGTACAAG,24,12,Schwann cell,0.65902156
40x36,40x36,CTGTAGCCCCAGTTCA,40,36,Keratinocytes,1.3974509
35x42,35x42,AAGACGGACGCATACA,35,42,Keratinocytes,0.4386509
19x48,19x48,CAATGGAAGAGCTGAA,19,48,Keratinocytes,1.0527568
4x22,4x22,CAAGACTAACGTATCA,4,22,Keratinocytes,1.0006425
44x19,44x19,CAGATCTGACAGCAGA,44,19,Keratinocytes,1.6674522
32x18,32x18,ACAGCAGAACACAGAA,32,18,Schwann cell,0.42626673
39x40,39x40,AGTACAAGCGAACTTA,39,40,Keratinocytes,0.5371118
41x40,41x40,ACAAGCTACGAACTTA,41,40,Keratinocytes,0.29594684
18x42,18x42,CACTTCGACGCATACA,18,42,Keratinocytes,0.55074936
45x32,45x32,ACATTGGCCAATGGAA,45,32,Schwann cell,0.34522194
39x5,39x5,AGTACAAGACCACTGT,39,5,Schwann cell,0.98786676
39x41,39x41,AGTACAAGCGACTGGA,39,41,Melanocyte,0.2026995
11x18,11x18,CGAACTTAACACAGAA,11,18,Vascular endothelium,0.22233799
23x19,23x19,ATCCTGTAACAGCAGA,23,19,Keratinocytes,0.47597867
28x19,28x19,ACTATGCAACAGCAGA,28,19,Schwann cell,1.3318791
23x44,23x44,ATCCTGTACTGAGCCA,23,44,Keratinocytes,0.39798337
50x36,50x36,AACGTGATCCAGTTCA,50,36,Keratinocytes,2.8522427
20x7,20x7,GACTAGTACAGATCTG,20,7,Keratinocytes,0.56496394
25x23,25x23,AGCAGGAAACTATGCA,25,23,Keratinocytes,0.6195077
37x21,37x21,AACCGAGAACGCTCGA,37,21,Keratinocytes,0.77680916
9x38,9x38,CGCATACACCGTGAGA,9,38,Keratinocytes,0.5042631
40x5,40x5,CTGTAGCCACCACTGT,40,5,Keratinocytes,1.1449267
39x38,39x38,AGTACAAGCCGTGAGA,39,38,Schwann cell,1.4168464
18x28,18x28,CACTTCGAATCCTGTA,18,28,Keratinocytes,0.7293889
23x14,23x14,ATCCTGTAAACCGAGA,23,14,Schwann cell,0.8641895
9x31,9x31,CGCATACAGACTAGTA,9,31,Keratinocytes,0.5499543
7x16,7x16,CTGAGCCAAAGACGGA,7,16,Mast cell,0.1049119
27x44,27x44,AGAGTCAACTGAGCCA,27,44,Keratinocytes,0.5221059
9x17,9x17,CGCATACAAAGGTACA,9,17,Schwann cell,0.17980556
37x4,37x4,AACCGAGAAGTGGTCA,37,4,Keratinocytes,0.28901416
32x39,32x39,ACAGCAGACCTCCTGA,32,39,Keratinocytes,0.3292297
42x23,42x23,CGCTGATCACTATGCA,42,23,Keratinocytes,0.1311309
37x12,37x12,AACCGAGAAGTACAAG,37,12,Keratinocytes,0.7088987
17x44,17x44,CAGCGTTACTGAGCCA,17,44,Keratinocytes,0.6569706
49x34,49x34,AAACATCGCAGCGTTA,49,34,Keratinocytes,1.1847198
4x18,4x18,CAAGACTAACACAGAA,4,18,Schwann cell,0.22615021
20x48,20x48,GACTAGTAGAGCTGAA,20,48,Keratinocytes,0.5474824
14x34,14x34,CCGAAGTACAGCGTTA,14,34,Keratinocytes,0.5863035
25x13,25x13,AGCAGGAAAACAACCA,25,13,Schwann cell,1.014961
16x43,16x43,CATACCAACTCAATGA,16,43,Schwann cell,0.33611336
49x9,49x9,AAACATCGCGCTGATC,49,9,Keratinocytes,1.3944657
19x13,19x13,CAATGGAAAACAACCA,19,13,Keratinocytes,0.9911791
45x1,45x1,ACATTGGCAACGTGAT,45,1,Schwann cell,0.9553624
33x7,33x7,ACACAGAACAGATCTG,33,7,Keratinocytes,0.3889181
25x20,25x20,AGCAGGAAACCTCCAA,25,20,Schwann cell,0.45497638
18x47,18x47,CACTTCGACAAGACTA,18,47,Keratinocytes,1.0032334
22x7,22x7,ATTGAGGACAGATCTG,22,7,Keratinocytes,0.28408536
13x33,13x33,CCGTGAGACACTTCGA,13,33,Keratinocytes,1.2321283
8x38,8x38,CTCAATGACCGTGAGA,8,38,Schwann cell,0.16990189
28x12,28x12,ACTATGCAAGTACAAG,28,12,Keratinocytes,0.65067565
42x13,42x13,CGCTGATCAACAACCA,42,13,Keratinocytes,0.88046336
29x9,29x9,ACGTATCACGCTGATC,29,9,Keratinocytes,0.6074293
1x21,1x21,GCCACATAACGCTCGA,1,21,Keratinocytes,2.1218135
4x31,4x31,CAAGACTAGACTAGTA,4,31,Keratinocytes,0.16903573
21x14,21x14,CAACCACAAACCGAGA,21,14,Keratinocytes,0.80262464
21x11,21x11,CAACCACACTGTAGCC,21,11,Schwann cell,0.38447407
25x7,25x7,AGCAGGAACAGATCTG,25,7,Keratinocytes,0.7213899
8x37,8x37,CTCAATGACCGAAGTA,8,37,Keratinocytes,0.23275007
10x41,10x41,CGACTGGACGACTGGA,10,41,Keratinocytes,0.39655262
31x10,31x10,ACCTCCAAACAAGCTA,31,10,Keratinocytes,0.84113735
19x25,19x25,CAATGGAAAGATCGCA,19,25,Keratinocytes,0.42263812
31x21,31x21,ACCTCCAAACGCTCGA,31,21,Keratinocytes,1.3880891
46x40,46x40,ACCACTGTCGAACTTA,46,40,Mast cell,0.43313727
14x38,14x38,CCGAAGTACCGTGAGA,14,38,Keratinocytes,0.4450724
34x15,34x15,AAGGTACAAACGCTTA,34,15,Keratinocytes,0.97812265
47x33,47x33,AGTGGTCACACTTCGA,47,33,Keratinocytes,0.58326054
17x17,17x17,CAGCGTTAAAGGTACA,17,17,Schwann cell,0.17142738
27x20,27x20,AGAGTCAAACCTCCAA,27,20,Keratinocytes,0.6745245
7x26,7x26,CTGAGCCAAGCAGGAA,7,26,Keratinocytes,0.47376317
5x19,5x19,GAATCTGAACAGCAGA,5,19,Keratinocytes,0.959886
2x41,2x41,GATAGACACGACTGGA,2,41,Keratinocytes,0.6028569
23x45,23x45,ATCCTGTACTGGCATA,23,45,Keratinocytes,0.25012866
12x18,12x18,CCTCCTGAACACAGAA,12,18,Keratinocytes,0.8760663
10x42,10x42,CGACTGGACGCATACA,10,42,Keratinocytes,0.8129094
22x18,22x18,ATTGAGGAACACAGAA,22,18,Keratinocytes,0.25162345
4x34,4x34,CAAGACTACAGCGTTA,4,34,Keratinocytes,1.286923
21x8,21x8,CAACCACACATCAAGT,21,8,Keratinocytes,1.2643242
5x35,5x35,GAATCTGACATACCAA,5,35,Keratinocytes,1.6060673
44x41,44x41,CAGATCTGCGACTGGA,44,41,Keratinocytes,0.11628082
33x12,33x12,ACACAGAAAGTACAAG,33,12,Keratinocytes,0.33087093
34x24,34x24,AAGGTACAAGAGTCAA,34,24,Keratinocytes,1.744234
24x48,24x48,AGTCACTAGAGCTGAA,24,48,Keratinocytes,0.53350025
48x34,48x34,ATGCCTAACAGCGTTA,48,34,Keratinocytes,0.31801584
37x27,37x27,AACCGAGAAGTCACTA,37,27,Keratinocytes,0.17979936
46x1,46x1,ACCACTGTAACGTGAT,46,1,Schwann cell,1.2535425
14x12,14x12,CCGAAGTAAGTACAAG,14,12,Keratinocytes,0.33008364
15x41,15x41,CCAGTTCACGACTGGA,15,41,Keratinocytes,0.35184318
11x29,11x29,CGAACTTAATTGAGGA,11,29,Keratinocytes,1.2149342
39x6,39x6,AGTACAAGACATTGGC,39,6,Keratinocytes,0.15812625
31x46,31x46,ACCTCCAAGAATCTGA,31,46,Keratinocytes,0.44700128
22x22,22x22,ATTGAGGAACGTATCA,22,22,Keratinocytes,0.24962574
10x19,10x19,CGACTGGAACAGCAGA,10,19,Keratinocytes,1.1850594
38x41,38x41,AACAACCACGACTGGA,38,41,Keratinocytes,0.77928114
45x40,45x40,ACATTGGCCGAACTTA,45,40,Fibroblast,0.21086961
15x18,15x18,CCAGTTCAACACAGAA,15,18,Keratinocytes,0.3778076
17x30,17x30,CAGCGTTACAACCACA,17,30,Keratinocytes,1.3382306
20x8,20x8,GACTAGTACATCAAGT,20,8,Keratinocytes,0.5579155
28x44,28x44,ACTATGCACTGAGCCA,28,44,Keratinocytes,0.5688903
40x35,40x35,CTGTAGCCCATACCAA,40,35,Schwann cell,0.641046
24x44,24x44,AGTCACTACTGAGCCA,24,44,Keratinocytes,0.7558026
2x18,2x18,GATAGACAACACAGAA,2,18,Keratinocytes,0.19276202
45x39,45x39,ACATTGGCCCTCCTGA,45,39,Keratinocytes,0.7038234
18x41,18x41,CACTTCGACGACTGGA,18,41,Keratinocytes,0.57355475
31x7,31x7,ACCTCCAACAGATCTG,31,7,Keratinocytes,0.40477017
3x22,3x22,GAGCTGAAACGTATCA,3,22,Schwann cell,0.41857556
24x15,24x15,AGTCACTAAACGCTTA,24,15,Keratinocytes,0.52543044
12x19,12x19,CCTCCTGAACAGCAGA,12,19,Keratinocytes,1.5019302
6x18,6x18,CTGGCATAACACAGAA,6,18,Keratinocytes,0.68688136
11x48,11x48,CGAACTTAGAGCTGAA,11,48,Schwann cell,0.556417
15x27,15x27,CCAGTTCAAGTCACTA,15,27,Keratinocytes,0.3991588
40x41,40x41,CTGTAGCCCGACTGGA,40,41,Keratinocytes,0.34855613
32x47,32x47,ACAGCAGACAAGACTA,32,47,Keratinocytes,0.34443468
40x2,40x2,CTGTAGCCAAACATCG,40,2,Schwann cell,0.24772905
29x13,29x13,ACGTATCAAACAACCA,29,13,Macrophage,0.3116928
26x48,26x48,AGATCGCAGAGCTGAA,26,48,Keratinocytes,0.83273166
4x39,4x39,CAAGACTACCTCCTGA,4,39,Keratinocytes,0.5173083
4x27,4x27,CAAGACTAAGTCACTA,4,27,Schwann cell,0.15065949
35x9,35x9,AAGACGGACGCTGATC,35,9,Schwann cell,0.8033799
26x8,26x8,AGATCGCACATCAAGT,26,8,Keratinocytes,0.5654592
47x8,47x8,AGTGGTCACATCAAGT,47,8,Keratinocytes,0.31994584
2x23,2x23,GATAGACAACTATGCA,2,23,Keratinocytes,0.7648051
40x8,40x8,CTGTAGCCCATCAAGT,40,8,Keratinocytes,0.65966874
13x38,13x38,CCGTGAGACCGTGAGA,13,38,Keratinocytes,0.3253119
20x44,20x44,GACTAGTACTGAGCCA,20,44,Keratinocytes,0.5396578
13x19,13x19,CCGTGAGAACAGCAGA,13,19,Keratinocytes,1.2090558
32x26,32x26,ACAGCAGAAGCAGGAA,32,26,Schwann cell,0.23753534
34x31,34x31,AAGGTACAGACTAGTA,34,31,Schwann cell,1.6573328
41x29,41x29,ACAAGCTAATTGAGGA,41,29,Keratinocytes,0.33773607
6x26,6x26,CTGGCATAAGCAGGAA,6,26,Schwann cell,0.24925436
30x7,30x7,ACGCTCGACAGATCTG,30,7,Keratinocytes,0.46083486
38x22,38x22,AACAACCAACGTATCA,38,22,Keratinocytes,0.75940764
2x26,2x26,GATAGACAAGCAGGAA,2,26,Keratinocytes,0.469926
48x3,48x3,ATGCCTAAATGCCTAA,48,3,Schwann cell,0.79934996
34x42,34x42,AAGGTACACGCATACA,34,42,Keratinocytes,0.7591748
6x20,6x20,CTGGCATAACCTCCAA,6,20,Schwann cell,0.7976449
35x6,35x6,AAGACGGAACATTGGC,35,6,Schwann cell,0.3200175
35x27,35x27,AAGACGGAAGTCACTA,35,27,Keratinocytes,0.19729124
11x36,11x36,CGAACTTACCAGTTCA,11,36,Keratinocytes,0.569855
15x44,15x44,CCAGTTCACTGAGCCA,15,44,Keratinocytes,1.0098937
42x19,42x19,CGCTGATCACAGCAGA,42,19,Schwann cell,0.16580026
24x25,24x25,AGTCACTAAGATCGCA,24,25,Keratinocytes,0.5842629
6x17,6x17,CTGGCATAAAGGTACA,6,17,Schwann cell,0.34608924
42x31,42x31,CGCTGATCGACTAGTA,42,31,Keratinocytes,0.21329549
44x31,44x31,CAGATCTGGACTAGTA,44,31,Melanocyte,0.16662034
27x15,27x15,AGAGTCAAAACGCTTA,27,15,Keratinocytes,0.7924803
7x41,7x41,CTGAGCCACGACTGGA,7,41,Schwann cell,0.5809565
17x18,17x18,CAGCGTTAACACAGAA,17,18,Keratinocytes,0.60436326
20x17,20x17,GACTAGTAAAGGTACA,20,17,Keratinocytes,0.28296295
25x25,25x25,AGCAGGAAAGATCGCA,25,25,Schwann cell,0.30314597
6x43,6x43,CTGGCATACTCAATGA,6,43,Keratinocytes,2.2036498
26x7,26x7,AGATCGCACAGATCTG,26,7,Keratinocytes,0.5289672
41x36,41x36,ACAAGCTACCAGTTCA,41,36,Keratinocytes,0.5176305
33x47,33x47,ACACAGAACAAGACTA,33,47,Schwann cell,0.36820042
32x11,32x11,ACAGCAGACTGTAGCC,32,11,Keratinocytes,0.13771059
44x36,44x36,CAGATCTGCCAGTTCA,44,36,Schwann cell,0.53704506
47x40,47x40,AGTGGTCACGAACTTA,47,40,Keratinocytes,0.35973847
16x50,16x50,CATACCAAGCCACATA,16,50,Keratinocytes,0.7446058
46x2,46x2,ACCACTGTAAACATCG,46,2,Schwann cell,0.84560597
34x38,34x38,AAGGTACACCGTGAGA,34,38,Schwann cell,0.63455
27x9,27x9,AGAGTCAACGCTGATC,27,9,Keratinocytes,0.8126729
23x18,23x18,ATCCTGTAACACAGAA,23,18,Keratinocytes,0.3214629
20x46,20x46,GACTAGTAGAATCTGA,20,46,Keratinocytes,0.67782104
2x22,2x22,GATAGACAACGTATCA,2,22,Keratinocytes,0.8288379
31x47,31x47,ACCTCCAACAAGACTA,31,47,Keratinocytes,1.0247597
30x42,30x42,ACGCTCGACGCATACA,30,42,Keratinocytes,2.3477347
27x16,27x16,AGAGTCAAAAGACGGA,27,16,Keratinocytes,0.31561598
37x17,37x17,AACCGAGAAAGGTACA,37,17,Mast cell,0.19459143
44x25,44x25,CAGATCTGAGATCGCA,44,25,Schwann cell,0.33409178
11x44,11x44,CGAACTTACTGAGCCA,11,44,Keratinocytes,0.23154189
43x40,43x40,CATCAAGTCGAACTTA,43,40,Keratinocytes,0.45140636
37x22,37x22,AACCGAGAACGTATCA,37,22,Keratinocytes,0.58032066
28x7,28x7,ACTATGCACAGATCTG,28,7,Keratinocytes,0.37836158
4x24,4x24,CAAGACTAAGAGTCAA,4,24,Schwann cell,0.18665075
28x8,28x8,ACTATGCACATCAAGT,28,8,Keratinocytes,0.66498965
4x19,4x19,CAAGACTAACAGCAGA,4,19,Keratinocytes,0.9779527
30x6,30x6,ACGCTCGAACATTGGC,30,6,Schwann cell,0.1202044
11x38,11x38,CGAACTTACCGTGAGA,11,38,Keratinocytes,0.6243804
24x14,24x14,AGTCACTAAACCGAGA,24,14,Schwann cell,0.5026207
9x37,9x37,CGCATACACCGAAGTA,9,37,Keratinocytes,0.63757133
47x34,47x34,AGTGGTCACAGCGTTA,47,34,Keratinocytes,0.5916327
2x34,2x34,GATAGACACAGCGTTA,2,34,Keratinocytes,1.1782717
23x22,23x22,ATCCTGTAACGTATCA,23,22,Keratinocytes,0.19659443
34x16,34x16,AAGGTACAAAGACGGA,34,16,Schwann cell,0.41835067
37x10,37x10,AACCGAGAACAAGCTA,37,10,Keratinocytes,0.42674407
22x25,22x25,ATTGAGGAAGATCGCA,22,25,Keratinocytes,1.103561
33x23,33x23,ACACAGAAACTATGCA,33,23,Keratinocytes,0.21285184
32x15,32x15,ACAGCAGAAACGCTTA,32,15,Keratinocytes,0.79866
21x40,21x40,CAACCACACGAACTTA,21,40,Keratinocytes,2.7667253
50x16,50x16,AACGTGATAAGACGGA,50,16,Keratinocytes,0.28771532
50x6,50x6,AACGTGATACATTGGC,50,6,Keratinocytes,0.7430381
6x42,6x42,CTGGCATACGCATACA,6,42,Keratinocytes,0.3009045
42x5,42x5,CGCTGATCACCACTGT,42,5,Schwann cell,0.23525585
28x10,28x10,ACTATGCAACAAGCTA,28,10,Keratinocytes,0.28005102
31x5,31x5,ACCTCCAAACCACTGT,31,5,Keratinocytes,0.2921821
36x42,36x42,AACGCTTACGCATACA,36,42,Keratinocytes,0.2734794
40x40,40x40,CTGTAGCCCGAACTTA,40,40,Keratinocytes,0.30870244
5x17,5x17,GAATCTGAAAGGTACA,5,17,Schwann cell,0.15511958
10x30,10x30,CGACTGGACAACCACA,10,30,Keratinocytes,1.0396434
37x29,37x29,AACCGAGAATTGAGGA,37,29,Keratinocytes,0.7322991
19x9,19x9,CAATGGAACGCTGATC,19,9,Keratinocytes,0.4143762
28x27,28x27,ACTATGCAAGTCACTA,28,27,Keratinocytes,1.3333219
34x30,34x30,AAGGTACACAACCACA,34,30,Keratinocytes,1.3982766
40x38,40x38,CTGTAGCCCCGTGAGA,40,38,Keratinocytes,1.4014978
3x18,3x18,GAGCTGAAACACAGAA,3,18,Keratinocytes,0.20498167
29x26,29x26,ACGTATCAAGCAGGAA,29,26,Keratinocytes,0.47113186
46x41,46x41,ACCACTGTCGACTGGA,46,41,Keratinocytes,0.39532188
23x11,23x11,ATCCTGTACTGTAGCC,23,11,Keratinocytes,0.15394716
18x9,18x9,CACTTCGACGCTGATC,18,9,Keratinocytes,0.43718985
6x41,6x41,CTGGCATACGACTGGA,6,41,Keratinocytes,0.5319526
12x13,12x13,CCTCCTGAAACAACCA,12,13,Keratinocytes,0.14235488
10x36,10x36,CGACTGGACCAGTTCA,10,36,Keratinocytes,0.51219434
22x23,22x23,ATTGAGGAACTATGCA,22,23,Keratinocytes,0.31852975
14x18,14x18,CCGAAGTAACACAGAA,14,18,Keratinocytes,0.10577298
32x42,32x42,ACAGCAGACGCATACA,32,42,Keratinocytes,0.99394524
30x13,30x13,ACGCTCGAAACAACCA,30,13,Keratinocytes,0.8672093
19x14,19x14,CAATGGAAAACCGAGA,19,14,Keratinocytes,0.54863286
44x21,44x21,CAGATCTGACGCTCGA,44,21,Schwann cell,0.17550261
44x33,44x33,CAGATCTGCACTTCGA,44,33,Keratinocytes,0.810235
31x34,31x34,ACCTCCAACAGCGTTA,31,34,Keratinocytes,3.0551498
30x43,30x43,ACGCTCGACTCAATGA,30,43,Keratinocytes,0.39204803
27x10,27x10,AGAGTCAAACAAGCTA,27,10,Keratinocytes,0.30079558
4x32,4x32,CAAGACTACAATGGAA,4,32,Keratinocytes,1.1279252
18x26,18x26,CACTTCGAAGCAGGAA,18,26,Keratinocytes,0.2918442
39x13,39x13,AGTACAAGAACAACCA,39,13,Mast cell,0.07865653
3x38,3x38,GAGCTGAACCGTGAGA,3,38,Keratinocytes,0.54466295
46x8,46x8,ACCACTGTCATCAAGT,46,8,Keratinocytes,0.15279867
27x13,27x13,AGAGTCAAAACAACCA,27,13,Keratinocytes,0.8838849
25x11,25x11,AGCAGGAACTGTAGCC,25,11,Keratinocytes,0.37194285
35x24,35x24,AAGACGGAAGAGTCAA,35,24,Keratinocytes,0.94254375
16x32,16x32,CATACCAACAATGGAA,16,32,Keratinocytes,1.570324
50x12,50x12,AACGTGATAGTACAAG,50,12,Keratinocytes,0.5758485
8x25,8x25,CTCAATGAAGATCGCA,8,25,Keratinocytes,0.29770556
13x14,13x14,CCGTGAGAAACCGAGA,13,14,Schwann cell,0.27078426
32x9,32x9,ACAGCAGACGCTGATC,32,9,Keratinocytes,0.32865918
2x32,2x32,GATAGACACAATGGAA,2,32,Keratinocytes,0.8455261
1x19,1x19,GCCACATAACAGCAGA,1,19,Keratinocytes,0.87844193
43x42,43x42,CATCAAGTCGCATACA,43,42,Keratinocytes,0.23778369
36x7,36x7,AACGCTTACAGATCTG,36,7,Keratinocytes,0.35183787
41x7,41x7,ACAAGCTACAGATCTG,41,7,Mast cell,0.2199074
49x35,49x35,AAACATCGCATACCAA,49,35,Keratinocytes,0.91266036
42x26,42x26,CGCTGATCAGCAGGAA,42,26,Keratinocytes,0.05555492
39x7,39x7,AGTACAAGCAGATCTG,39,7,Schwann cell,0.37856776
7x47,7x47,CTGAGCCACAAGACTA,7,47,Keratinocytes,0.5332707
10x17,10x17,CGACTGGAAAGGTACA,10,17,Keratinocytes,0.26857245
35x4,35x4,AAGACGGAAGTGGTCA,35,4,Keratinocytes,0.6426223
23x7,23x7,ATCCTGTACAGATCTG,23,7,Keratinocytes,1.0446466
50x14,50x14,AACGTGATAACCGAGA,50,14,Keratinocytes,0.3695782
42x3,42x3,CGCTGATCATGCCTAA,42,3,Schwann cell,0.28834236
26x16,26x16,AGATCGCAAAGACGGA,26,16,Mast cell,0.118031874
35x12,35x12,AAGACGGAAGTACAAG,35,12,Keratinocytes,0.45942447
38x7,38x7,AACAACCACAGATCTG,38,7,Keratinocytes,0.6098002
18x40,18x40,CACTTCGACGAACTTA,18,40,Keratinocytes,0.94193006
3x32,3x32,GAGCTGAACAATGGAA,3,32,Keratinocytes,0.8541047
16x27,16x27,CATACCAAAGTCACTA,16,27,Keratinocytes,0.18114713
23x8,23x8,ATCCTGTACATCAAGT,23,8,Keratinocytes,1.1982566
43x3,43x3,CATCAAGTATGCCTAA,43,3,Vascular endothelium,0.29465568
14x16,14x16,CCGAAGTAAAGACGGA,14,16,Keratinocytes,0.2458449
45x5,45x5,ACATTGGCACCACTGT,45,5,Keratinocytes,0.7726272
32x46,32x46,ACAGCAGAGAATCTGA,32,46,Keratinocytes,0.5191267
32x5,32x5,ACAGCAGAACCACTGT,32,5,Keratinocytes,0.60570496
32x14,32x14,ACAGCAGAAACCGAGA,32,14,Keratinocytes,0.13670056
49x6,49x6,AAACATCGACATTGGC,49,6,Schwann cell,0.52685547
14x33,14x33,CCGAAGTACACTTCGA,14,33,Keratinocytes,1.376948
29x7,29x7,ACGTATCACAGATCTG,29,7,B cell,0.28936875
15x16,15x16,CCAGTTCAAAGACGGA,15,16,Keratinocytes,0.32147813
10x38,10x38,CGACTGGACCGTGAGA,10,38,Keratinocytes,0.32399088
15x12,15x12,CCAGTTCAAGTACAAG,15,12,Schwann cell,0.27461693
34x43,34x43,AAGGTACACTCAATGA,34,43,Keratinocytes,0.367942
8x35,8x35,CTCAATGACATACCAA,8,35,Keratinocytes,0.3652181
36x8,36x8,AACGCTTACATCAAGT,36,8,Keratinocytes,0.87425506
8x17,8x17,CTCAATGAAAGGTACA,8,17,Keratinocytes,0.115430325
42x11,42x11,CGCTGATCCTGTAGCC,42,11,Keratinocytes,0.2874028
17x43,17x43,CAGCGTTACTCAATGA,17,43,Keratinocytes,0.21663609
25x17,25x17,AGCAGGAAAAGGTACA,25,17,Schwann cell,0.18577743
32x22,32x22,ACAGCAGAACGTATCA,32,22,Keratinocytes,0.034095664
29x22,29x22,ACGTATCAACGTATCA,29,22,Schwann cell,0.04242819
8x15,8x15,CTCAATGAAACGCTTA,8,15,Keratinocytes,0.3710631
45x43,45x43,ACATTGGCCTCAATGA,45,43,Schwann cell,0.06882451
42x28,42x28,CGCTGATCATCCTGTA,42,28,Keratinocytes,0.16353297
24x47,24x47,AGTCACTACAAGACTA,24,47,Keratinocytes,0.33751068
8x16,8x16,CTCAATGAAAGACGGA,8,16,Schwann cell,0.08036664
24x46,24x46,AGTCACTAGAATCTGA,24,46,Keratinocytes,0.36062023
26x6,26x6,AGATCGCAACATTGGC,26,6,Keratinocytes,0.14880495
6x28,6x28,CTGGCATAATCCTGTA,6,28,Keratinocytes,0.65617037
46x46,46x46,ACCACTGTGAATCTGA,46,46,Keratinocytes,0.1541407
27x48,27x48,AGAGTCAAGAGCTGAA,27,48,Keratinocytes,0.41222006
32x4,32x4,ACAGCAGAAGTGGTCA,32,4,Keratinocytes,0.19099428
29x11,29x11,ACGTATCACTGTAGCC,29,11,Schwann cell,0.07875421
47x7,47x7,AGTGGTCACAGATCTG,47,7,B cell,0.24279545
44x43,44x43,CAGATCTGCTCAATGA,44,43,Keratinocytes,0.057997942
26x17,26x17,AGATCGCAAAGGTACA,26,17,Keratinocytes,0.16565202
48x40,48x40,ATGCCTAACGAACTTA,48,40,Schwann cell,0.24315362
32x20,32x20,ACAGCAGAACCTCCAA,32,20,Keratinocytes,0.231042
35x5,35x5,AAGACGGAACCACTGT,35,5,Keratinocytes,0.9485457
12x40,12x40,CCTCCTGACGAACTTA,12,40,Keratinocytes,0.39668947
43x18,43x18,CATCAAGTACACAGAA,43,18,Keratinocytes,0.17940894
29x17,29x17,ACGTATCAAAGGTACA,29,17,Keratinocytes,0.31897852
43x15,43x15,CATCAAGTAACGCTTA,43,15,Keratinocytes,0.5081579
44x40,44x40,CAGATCTGCGAACTTA,44,40,Keratinocytes,0.37754196
11x28,11x28,CGAACTTAATCCTGTA,11,28,Keratinocytes,0.85553956
12x32,12x32,CCTCCTGACAATGGAA,12,32,B cell,0.62468415
45x42,45x42,ACATTGGCCGCATACA,45,42,Keratinocytes,0.08934998
15x15,15x15,CCAGTTCAAACGCTTA,15,15,Mast cell,0.4179012
7x30,7x30,CTGAGCCACAACCACA,7,30,Keratinocytes,0.7205077
41x9,41x9,ACAAGCTACGCTGATC,41,9,Fibroblast,0.1930703
14x30,14x30,CCGAAGTACAACCACA,14,30,Keratinocytes,0.50508076
43x34,43x34,CATCAAGTCAGCGTTA,43,34,Keratinocytes,0.65033233
46x50,46x50,ACCACTGTGCCACATA,46,50,Keratinocytes,0.19327635
17x40,17x40,CAGCGTTACGAACTTA,17,40,Keratinocytes,0.8330128
32x16,32x16,ACAGCAGAAAGACGGA,32,16,Schwann cell,0.22437148
32x27,32x27,ACAGCAGAAGTCACTA,32,27,Schwann cell,0.12183726
33x28,33x28,ACACAGAAATCCTGTA,33,28,Keratinocytes,0.91918415
8x39,8x39,CTCAATGACCTCCTGA,8,39,Keratinocytes,0.48532006
15x17,15x17,CCAGTTCAAAGGTACA,15,17,Schwann cell,0.11188616
22x27,22x27,ATTGAGGAAGTCACTA,22,27,Keratinocytes,0.7420571
44x32,44x32,CAGATCTGCAATGGAA,44,32,Melanocyte,0.17185017
9x27,9x27,CGCATACAAGTCACTA,9,27,Keratinocytes,0.0813594
23x48,23x48,ATCCTGTAGAGCTGAA,23,48,Keratinocytes,0.4040923
19x15,19x15,CAATGGAAAACGCTTA,19,15,Keratinocytes,0.5390581
36x31,36x31,AACGCTTAGACTAGTA,36,31,Keratinocytes,0.39392388
13x16,13x16,CCGTGAGAAAGACGGA,13,16,Schwann cell,0.20633186
18x11,18x11,CACTTCGACTGTAGCC,18,11,Keratinocytes,0.37886527
49x4,49x4,AAACATCGAGTGGTCA,49,4,Keratinocytes,0.63691163
4x38,4x38,CAAGACTACCGTGAGA,4,38,Keratinocytes,0.6021575
43x22,43x22,CATCAAGTACGTATCA,43,22,Keratinocytes,0.14396872
24x22,24x22,AGTCACTAACGTATCA,24,22,Keratinocytes,0.12428735
22x36,22x36,ATTGAGGACCAGTTCA,22,36,Keratinocytes,1.4532866
18x18,18x18,CACTTCGAACACAGAA,18,18,Keratinocytes,0.3627746
46x48,46x48,ACCACTGTGAGCTGAA,46,48,Schwann cell,0.20722802
32x44,32x44,ACAGCAGACTGAGCCA,32,44,Keratinocytes,0.07590302
12x17,12x17,CCTCCTGAAAGGTACA,12,17,Melanocyte,0.13251628
11x42,11x42,CGAACTTACGCATACA,11,42,Keratinocytes,0.14863439
34x11,34x11,AAGGTACACTGTAGCC,34,11,Schwann cell,0.3484674
21x43,21x43,CAACCACACTCAATGA,21,43,Keratinocytes,0.383805
33x26,33x26,ACACAGAAAGCAGGAA,33,26,Keratinocytes,0.61711234
26x20,26x20,AGATCGCAACCTCCAA,26,20,Keratinocytes,0.16107574
30x8,30x8,ACGCTCGACATCAAGT,30,8,Keratinocytes,0.89306945
43x21,43x21,CATCAAGTACGCTCGA,43,21,Keratinocytes,0.16601433
21x18,21x18,CAACCACAACACAGAA,21,18,Keratinocytes,0.76319313
41x35,41x35,ACAAGCTACATACCAA,41,35,Keratinocytes,0.5128194
20x14,20x14,GACTAGTAAACCGAGA,20,14,Keratinocytes,0.5962986
31x20,31x20,ACCTCCAAACCTCCAA,31,20,Keratinocytes,0.6338709
5x37,5x37,GAATCTGACCGAAGTA,5,37,Keratinocytes,0.43520153
22x9,22x9,ATTGAGGACGCTGATC,22,9,Keratinocytes,0.97854924
7x38,7x38,CTGAGCCACCGTGAGA,7,38,Schwann cell,0.20928511
5x26,5x26,GAATCTGAAGCAGGAA,5,26,Keratinocytes,0.6692155
29x45,29x45,ACGTATCACTGGCATA,29,45,Keratinocytes,1.2362934
30x10,30x10,ACGCTCGAACAAGCTA,30,10,Keratinocytes,0.763106
16x13,16x13,CATACCAAAACAACCA,16,13,Keratinocytes,0.5656719
37x23,37x23,AACCGAGAACTATGCA,37,23,Keratinocytes,0.5000571
40x33,40x33,CTGTAGCCCACTTCGA,40,33,Keratinocytes,0.8982543
44x18,44x18,CAGATCTGACACAGAA,44,18,B cell,0.30907163
18x12,18x12,CACTTCGAAGTACAAG,18,12,Keratinocytes,0.61936736
8x43,8x43,CTCAATGACTCAATGA,8,43,Schwann cell,0.35711512
17x11,17x11,CAGCGTTACTGTAGCC,17,11,Keratinocytes,0.13436878
20x26,20x26,GACTAGTAAGCAGGAA,20,26,Keratinocytes,0.5860808
34x44,34x44,AAGGTACACTGAGCCA,34,44,Keratinocytes,0.3402461
49x13,49x13,AAACATCGAACAACCA,49,13,Fibroblast,0.32337034
30x12,30x12,ACGCTCGAAGTACAAG,30,12,Keratinocytes,0.67662805
48x12,48x12,ATGCCTAAAGTACAAG,48,12,Melanocyte,0.10671438
40x19,40x19,CTGTAGCCACAGCAGA,40,19,Keratinocytes,0.16563694
22x26,22x26,ATTGAGGAAGCAGGAA,22,26,Keratinocytes,0.91928774
33x14,33x14,ACACAGAAAACCGAGA,33,14,Keratinocytes,0.38039887
8x26,8x26,CTCAATGAAGCAGGAA,8,26,Keratinocytes,0.13433135
4x30,4x30,CAAGACTACAACCACA,4,30,Keratinocytes,0.5224117
36x23,36x23,AACGCTTAACTATGCA,36,23,Keratinocytes,0.4756589
41x19,41x19,ACAAGCTAACAGCAGA,41,19,Keratinocytes,0.44534147
33x18,33x18,ACACAGAAACACAGAA,33,18,Keratinocytes,0.4928601
29x48,29x48,ACGTATCAGAGCTGAA,29,48,Keratinocytes,0.28012136
23x13,23x13,ATCCTGTAAACAACCA,23,13,Schwann cell,0.73514324
37x14,37x14,AACCGAGAAACCGAGA,37,14,Keratinocytes,0.3906827
38x28,38x28,AACAACCAATCCTGTA,38,28,Keratinocytes,0.7309772
42x35,42x35,CGCTGATCCATACCAA,42,35,Keratinocytes,0.44513768
34x4,34x4,AAGGTACAAGTGGTCA,34,4,Keratinocytes,0.13970791
40x20,40x20,CTGTAGCCACCTCCAA,40,20,Melanocyte,0.21992679
12x45,12x45,CCTCCTGACTGGCATA,12,45,Schwann cell,0.57844645
35x14,35x14,AAGACGGAAACCGAGA,35,14,Keratinocytes,0.7855836
40x14,40x14,CTGTAGCCAACCGAGA,40,14,Keratinocytes,0.14858921
14x43,14x43,CCGAAGTACTCAATGA,14,43,Schwann cell,0.5326911
31x43,31x43,ACCTCCAACTCAATGA,31,43,Keratinocytes,0.63184476
45x47,45x47,ACATTGGCCAAGACTA,45,47,Keratinocytes,0.14290749
16x46,16x46,CATACCAAGAATCTGA,16,46,Keratinocytes,0.20669237
27x8,27x8,AGAGTCAACATCAAGT,27,8,Keratinocytes,0.7542064
26x26,26x26,AGATCGCAAGCAGGAA,26,26,Keratinocytes,0.3765831
40x3,40x3,CTGTAGCCATGCCTAA,40,3,Keratinocytes,0.12581462
3x31,3x31,GAGCTGAAGACTAGTA,3,31,Keratinocytes,0.29622683
36x20,36x20,AACGCTTAACCTCCAA,36,20,Keratinocytes,0.15240344
41x18,41x18,ACAAGCTAACACAGAA,41,18,Keratinocytes,0.71449894
25x27,25x27,AGCAGGAAAGTCACTA,25,27,Keratinocytes,0.8319074
38x21,38x21,AACAACCAACGCTCGA,38,21,Keratinocytes,0.5602329
6x38,6x38,CTGGCATACCGTGAGA,6,38,Keratinocytes,0.43811816
42x16,42x16,CGCTGATCAAGACGGA,42,16,Keratinocytes,0.12894115
16x42,16x42,CATACCAACGCATACA,16,42,Keratinocytes,0.4452847
9x29,9x29,CGCATACAATTGAGGA,9,29,Schwann cell,0.389882
41x43,41x43,ACAAGCTACTCAATGA,41,43,Keratinocytes,0.16100088
14x39,14x39,CCGAAGTACCTCCTGA,14,39,Schwann cell,0.21907747
13x13,13x13,CCGTGAGAAACAACCA,13,13,Keratinocytes,0.30058363
45x41,45x41,ACATTGGCCGACTGGA,45,41,Keratinocytes,0.16322374
35x26,35x26,AAGACGGAAGCAGGAA,35,26,Keratinocytes,0.2227414
3x27,3x27,GAGCTGAAAGTCACTA,3,27,Keratinocytes,0.764771
11x15,11x15,CGAACTTAAACGCTTA,11,15,Keratinocytes,0.49784353
18x48,18x48,CACTTCGAGAGCTGAA,18,48,Keratinocytes,0.4724231
19x27,19x27,CAATGGAAAGTCACTA,19,27,Schwann cell,0.41649455
3x39,3x39,GAGCTGAACCTCCTGA,3,39,Keratinocytes,0.324226
27x17,27x17,AGAGTCAAAAGGTACA,27,17,Schwann cell,0.17608877
35x17,35x17,AAGACGGAAAGGTACA,35,17,Keratinocytes,0.23077288
27x22,27x22,AGAGTCAAACGTATCA,27,22,Schwann cell,0.16637728
32x21,32x21,ACAGCAGAACGCTCGA,32,21,Keratinocytes,1.1591284
19x17,19x17,CAATGGAAAAGGTACA,19,17,Fibroblast,0.07440698
31x15,31x15,ACCTCCAAAACGCTTA,31,15,Keratinocytes,0.85942626
40x4,40x4,CTGTAGCCAGTGGTCA,40,4,Schwann cell,0.36699173
40x17,40x17,CTGTAGCCAAGGTACA,40,17,Schwann cell,0.083394565
41x41,41x41,ACAAGCTACGACTGGA,41,41,Keratinocytes,0.23633097
37x20,37x20,AACCGAGAACCTCCAA,37,20,Keratinocytes,0.45176905
36x12,36x12,AACGCTTAAGTACAAG,36,12,Keratinocytes,0.6832809
31x4,31x4,ACCTCCAAAGTGGTCA,31,4,Keratinocytes,0.22184134
31x18,31x18,ACCTCCAAACACAGAA,31,18,Keratinocytes,0.47020626
48x39,48x39,ATGCCTAACCTCCTGA,48,39,Schwann cell,0.17125899
25x9,25x9,AGCAGGAACGCTGATC,25,9,Keratinocytes,1.2672611
12x31,12x31,CCTCCTGAGACTAGTA,12,31,Keratinocytes,0.4538019
19x44,19x44,CAATGGAACTGAGCCA,19,44,Schwann cell,0.49723873
27x18,27x18,AGAGTCAAACACAGAA,27,18,Keratinocytes,0.62689555
18x19,18x19,CACTTCGAACAGCAGA,18,19,Keratinocytes,0.2965443
25x6,25x6,AGCAGGAAACATTGGC,25,6,Keratinocytes,0.23861799
34x13,34x13,AAGGTACAAACAACCA,34,13,Keratinocytes,0.5362001
25x48,25x48,AGCAGGAAGAGCTGAA,25,48,Keratinocytes,1.3015997
28x48,28x48,ACTATGCAGAGCTGAA,28,48,Mast cell,0.22252333
15x42,15x42,CCAGTTCACGCATACA,15,42,Keratinocytes,0.18588397
48x35,48x35,ATGCCTAACATACCAA,48,35,Keratinocytes,0.49988905
35x41,35x41,AAGACGGACGACTGGA,35,41,Keratinocytes,1.6872944
41x42,41x42,ACAAGCTACGCATACA,41,42,Keratinocytes,0.7076696
36x19,36x19,AACGCTTAACAGCAGA,36,19,Schwann cell,0.5337829
15x32,15x32,CCAGTTCACAATGGAA,15,32,Keratinocytes,1.1954273
14x32,14x32,CCGAAGTACAATGGAA,14,32,Keratinocytes,0.65540844
9x19,9x19,CGCATACAACAGCAGA,9,19,Keratinocytes,0.70706713
40x24,40x24,CTGTAGCCAGAGTCAA,40,24,Keratinocytes,0.4895127
41x25,41x25,ACAAGCTAAGATCGCA,41,25,Schwann cell,0.29164293
35x8,35x8,AAGACGGACATCAAGT,35,8,Keratinocytes,0.9744154
38x4,38x4,AACAACCAAGTGGTCA,38,4,Keratinocytes,0.42940974
25x22,25x22,AGCAGGAAACGTATCA,25,22,Keratinocytes,0.17068858
12x16,12x16,CCTCCTGAAAGACGGA,12,16,Keratinocytes,0.07868749
3x35,3x35,GAGCTGAACATACCAA,3,35,Keratinocytes,0.23965254
19x43,19x43,CAATGGAACTCAATGA,19,43,Keratinocytes,0.62585855
43x30,43x30,CATCAAGTCAACCACA,43,30,Keratinocytes,0.17344515
20x18,20x18,GACTAGTAACACAGAA,20,18,Keratinocytes,0.29887828
17x16,17x16,CAGCGTTAAAGACGGA,17,16,B cell,0.19442692
7x29,7x29,CTGAGCCAATTGAGGA,7,29,Keratinocytes,0.7787042
9x41,9x41,CGCATACACGACTGGA,9,41,Keratinocytes,0.40184316
5x40,5x40,GAATCTGACGAACTTA,5,40,Keratinocytes,0.68466085
26x23,26x23,AGATCGCAACTATGCA,26,23,Keratinocytes,0.45949653
34x3,34x3,AAGGTACAATGCCTAA,34,3,Keratinocytes,0.16755815
37x41,37x41,AACCGAGACGACTGGA,37,41,Keratinocytes,1.0275483
30x11,30x11,ACGCTCGACTGTAGCC,30,11,Keratinocytes,0.30167067
33x50,33x50,ACACAGAAGCCACATA,33,50,Schwann cell,0.34995764
42x18,42x18,CGCTGATCACACAGAA,42,18,Schwann cell,0.23761079
18x43,18x43,CACTTCGACTCAATGA,18,43,Keratinocytes,0.4806826
33x20,33x20,ACACAGAAACCTCCAA,33,20,Keratinocytes,0.2265624
24x38,24x38,AGTCACTACCGTGAGA,24,38,Keratinocytes,0.47708106
28x18,28x18,ACTATGCAACACAGAA,28,18,Keratinocytes,0.45127827
5x31,5x31,GAATCTGAGACTAGTA,5,31,Keratinocytes,0.30327055
38x15,38x15,AACAACCAAACGCTTA,38,15,Keratinocytes,0.5750565
45x3,45x3,ACATTGGCATGCCTAA,45,3,Keratinocytes,0.38280228
16x26,16x26,CATACCAAAGCAGGAA,16,26,Keratinocytes,0.2194259
36x43,36x43,AACGCTTACTCAATGA,36,43,Keratinocytes,1.056772
45x19,45x19,ACATTGGCACAGCAGA,45,19,Schwann cell,0.31829467
45x13,45x13,ACATTGGCAACAACCA,45,13,Schwann cell,0.4663443
39x2,39x2,AGTACAAGAAACATCG,39,2,Schwann cell,0.5387435
36x16,36x16,AACGCTTAAAGACGGA,36,16,Schwann cell,0.15489778
38x19,38x19,AACAACCAACAGCAGA,38,19,Fibroblast,0.43827412
46x9,46x9,ACCACTGTCGCTGATC,46,9,Keratinocytes,0.27626544
8x42,8x42,CTCAATGACGCATACA,8,42,Keratinocytes,0.53625125
13x43,13x43,CCGTGAGACTCAATGA,13,43,Keratinocytes,1.1644301
30x16,30x16,ACGCTCGAAAGACGGA,30,16,Schwann cell,0.64434725
13x39,13x39,CCGTGAGACCTCCTGA,13,39,Melanocyte,0.45723638
7x24,7x24,CTGAGCCAAGAGTCAA,7,24,Schwann cell,0.13526481
12x27,12x27,CCTCCTGAAGTCACTA,12,27,Melanocyte,0.0861567
32x12,32x12,ACAGCAGAAGTACAAG,32,12,Schwann cell,0.18958645
41x4,41x4,ACAAGCTAAGTGGTCA,41,4,Schwann cell,0.5024878
37x43,37x43,AACCGAGACTCAATGA,37,43,Keratinocytes,0.4590842
9x36,9x36,CGCATACACCAGTTCA,9,36,Keratinocytes,0.65127534
39x12,39x12,AGTACAAGAGTACAAG,39,12,Schwann cell,0.26975223
44x42,44x42,CAGATCTGCGCATACA,44,42,Keratinocytes,0.31428817
6x16,6x16,CTGGCATAAAGACGGA,6,16,Mast cell,0.17401226
26x21,26x21,AGATCGCAACGCTCGA,26,21,Keratinocytes,0.7735855
42x6,42x6,CGCTGATCACATTGGC,42,6,Melanocyte,0.09341175
29x21,29x21,ACGTATCAACGCTCGA,29,21,Keratinocytes,0.33743092
21x45,21x45,CAACCACACTGGCATA,21,45,Schwann cell,0.30292186
29x16,29x16,ACGTATCAAAGACGGA,29,16,Schwann cell,0.10451211
39x18,39x18,AGTACAAGACACAGAA,39,18,Schwann cell,0.20998524
30x47,30x47,ACGCTCGACAAGACTA,30,47,Schwann cell,0.40754223
43x23,43x23,CATCAAGTACTATGCA,43,23,Schwann cell,0.098386765
45x21,45x21,ACATTGGCACGCTCGA,45,21,Schwann cell,0.22203484
22x48,22x48,ATTGAGGAGAGCTGAA,22,48,DC,0.51907694
21x17,21x17,CAACCACAAAGGTACA,21,17,Keratinocytes,0.3385508
34x26,34x26,AAGGTACAAGCAGGAA,34,26,Keratinocytes,0.38711166
42x30,42x30,CGCTGATCCAACCACA,42,30,Keratinocytes,0.21682271
45x18,45x18,ACATTGGCACACAGAA,45,18,Schwann cell,0.031263392
14x35,14x35,CCGAAGTACATACCAA,14,35,Keratinocytes,0.5222621
34x6,34x6,AAGGTACAACATTGGC,34,6,B cell,0.37562925
46x35,46x35,ACCACTGTCATACCAA,46,35,Schwann cell,0.07514499
26x25,26x25,AGATCGCAAGATCGCA,26,25,Keratinocytes,0.4257586
17x42,17x42,CAGCGTTACGCATACA,17,42,Keratinocytes,0.52189445
42x33,42x33,CGCTGATCCACTTCGA,42,33,Keratinocytes,0.6677422
41x27,41x27,ACAAGCTAAGTCACTA,41,27,Keratinocytes,0.037012007
44x38,44x38,CAGATCTGCCGTGAGA,44,38,Schwann cell,0.4388964
31x22,31x22,ACCTCCAAACGTATCA,31,22,Keratinocytes,0.35326666
28x17,28x17,ACTATGCAAAGGTACA,28,17,Schwann cell,0.3600444
27x6,27x6,AGAGTCAAACATTGGC,27,6,DC,0.075342596
27x26,27x26,AGAGTCAAAGCAGGAA,27,26,Keratinocytes,0.4368635
10x40,10x40,CGACTGGACGAACTTA,10,40,Keratinocytes,0.707172
46x20,46x20,ACCACTGTACCTCCAA,46,20,Keratinocytes,0.16698353
13x31,13x31,CCGTGAGAGACTAGTA,13,31,Keratinocytes,0.2357913
39x4,39x4,AGTACAAGAGTGGTCA,39,4,Keratinocytes,0.34544253
30x20,30x20,ACGCTCGAACCTCCAA,30,20,Schwann cell,0.18606055
31x6,31x6,ACCTCCAAACATTGGC,31,6,Keratinocytes,0.2642623
42x10,42x10,CGCTGATCACAAGCTA,42,10,Keratinocytes,0.23731197
48x7,48x7,ATGCCTAACAGATCTG,48,7,Melanocyte,0.19664484
34x18,34x18,AAGGTACAACACAGAA,34,18,Schwann cell,0.2835761
31x48,31x48,ACCTCCAAGAGCTGAA,31,48,Schwann cell,0.21295738
17x27,17x27,CAGCGTTAAGTCACTA,17,27,Schwann cell,0.26380113
41x17,41x17,ACAAGCTAAAGGTACA,41,17,B cell,0.21061173
40x22,40x22,CTGTAGCCACGTATCA,40,22,B cell,0.14654887
6x27,6x27,CTGGCATAAGTCACTA,6,27,Keratinocytes,0.18876994
7x37,7x37,CTGAGCCACCGAAGTA,7,37,Keratinocytes,0.6021345
12x36,12x36,CCTCCTGACCAGTTCA,12,36,Keratinocytes,0.5123977
30x17,30x17,ACGCTCGAAAGGTACA,30,17,Schwann cell,0.34379926
2x24,2x24,GATAGACAAGAGTCAA,2,24,Keratinocytes,0.49645475
40x31,40x31,CTGTAGCCGACTAGTA,40,31,Keratinocytes,0.5031037
15x46,15x46,CCAGTTCAGAATCTGA,15,46,Keratinocytes,0.636512
8x29,8x29,CTCAATGAATTGAGGA,8,29,Keratinocytes,0.5320987
45x38,45x38,ACATTGGCCCGTGAGA,45,38,Schwann cell,0.14372715
36x22,36x22,AACGCTTAACGTATCA,36,22,Keratinocytes,0.16950154
7x17,7x17,CTGAGCCAAAGGTACA,7,17,Schwann cell,0.21795717
37x3,37x3,AACCGAGAATGCCTAA,37,3,Schwann cell,0.1738627
29x20,29x20,ACGTATCAACCTCCAA,29,20,Keratinocytes,0.7086397
18x46,18x46,CACTTCGAGAATCTGA,18,46,Keratinocytes,0.41031867
13x45,13x45,CCGTGAGACTGGCATA,13,45,Schwann cell,0.27980077
29x47,29x47,ACGTATCACAAGACTA,29,47,Keratinocytes,0.56428885
45x46,45x46,ACATTGGCGAATCTGA,45,46,Keratinocytes,0.15295056
42x1,42x1,CGCTGATCAACGTGAT,42,1,Schwann cell,0.66920966
30x5,30x5,ACGCTCGAACCACTGT,30,5,Keratinocytes,0.26605827
42x29,42x29,CGCTGATCATTGAGGA,42,29,Keratinocytes,0.2539527
22x14,22x14,ATTGAGGAAACCGAGA,22,14,Keratinocytes,0.5265218
44x6,44x6,CAGATCTGACATTGGC,44,6,Mast cell,0.10759806
38x26,38x26,AACAACCAAGCAGGAA,38,26,Keratinocytes,0.60472083
43x35,43x35,CATCAAGTCATACCAA,43,35,Schwann cell,0.2192499
11x16,11x16,CGAACTTAAAGACGGA,11,16,Keratinocytes,0.107615925
18x10,18x10,CACTTCGAACAAGCTA,18,10,Keratinocytes,0.3187068
12x44,12x44,CCTCCTGACTGAGCCA,12,44,Schwann cell,0.27396512
30x46,30x46,ACGCTCGAGAATCTGA,30,46,Keratinocytes,0.3179203
3x19,3x19,GAGCTGAAACAGCAGA,3,19,Keratinocytes,0.95544016
32x48,32x48,ACAGCAGAGAGCTGAA,32,48,Schwann cell,0.0840742
29x6,29x6,ACGTATCAACATTGGC,29,6,B cell,0.25732085
47x10,47x10,AGTGGTCAACAAGCTA,47,10,Schwann cell,0.14939484
28x26,28x26,ACTATGCAAGCAGGAA,28,26,Keratinocytes,0.50287694
39x42,39x42,AGTACAAGCGCATACA,39,42,Schwann cell,0.32497722
47x9,47x9,AGTGGTCACGCTGATC,47,9,Schwann cell,0.379318
41x30,41x30,ACAAGCTACAACCACA,41,30,Keratinocytes,0.46906164
3x24,3x24,GAGCTGAAAGAGTCAA,3,24,Keratinocytes,0.4474835
47x35,47x35,AGTGGTCACATACCAA,47,35,Schwann cell,0.3613849
24x9,24x9,AGTCACTACGCTGATC,24,9,Keratinocytes,0.42026004
5x28,5x28,GAATCTGAATCCTGTA,5,28,Keratinocytes,0.60939425
14x17,14x17,CCGAAGTAAAGGTACA,14,17,Keratinocytes,0.10467601
40x18,40x18,CTGTAGCCACACAGAA,40,18,Keratinocytes,0.30747655
42x9,42x9,CGCTGATCCGCTGATC,42,9,Keratinocytes,0.32032153
12x29,12x29,CCTCCTGAATTGAGGA,12,29,Keratinocytes,0.39184216
6x31,6x31,CTGGCATAGACTAGTA,6,31,Keratinocytes,0.44966915
45x36,45x36,ACATTGGCCCAGTTCA,45,36,Keratinocytes,0.17937192
6x23,6x23,CTGGCATAACTATGCA,6,23,Schwann cell,0.31821752
4x28,4x28,CAAGACTAATCCTGTA,4,28,Keratinocytes,0.1992032
36x3,36x3,AACGCTTAATGCCTAA,36,3,Keratinocytes,0.31953892
30x23,30x23,ACGCTCGAACTATGCA,30,23,Keratinocytes,0.5344014
5x34,5x34,GAATCTGACAGCGTTA,5,34,Keratinocytes,0.33795074
41x26,41x26,ACAAGCTAAGCAGGAA,41,26,Keratinocytes,0.016168403
21x7,21x7,CAACCACACAGATCTG,21,7,Keratinocytes,0.37018138
36x11,36x11,AACGCTTACTGTAGCC,36,11,Keratinocytes,0.05803447
40x34,40x34,CTGTAGCCCAGCGTTA,40,34,Keratinocytes,0.4356606
39x3,39x3,AGTACAAGATGCCTAA,39,3,Schwann cell,0.4461244
48x4,48x4,ATGCCTAAAGTGGTCA,48,4,Schwann cell,0.22546342
20x45,20x45,GACTAGTACTGGCATA,20,45,Keratinocytes,0.23622802
21x49,21x49,CAACCACAGATAGACA,21,49,Keratinocytes,0.8826787
9x15,9x15,CGCATACAAACGCTTA,9,15,Keratinocytes,0.55948734
17x9,17x9,CAGCGTTACGCTGATC,17,9,Schwann cell,0.10011113
21x12,21x12,CAACCACAAGTACAAG,21,12,Keratinocytes,0.44162935
10x27,10x27,CGACTGGAAGTCACTA,10,27,Keratinocytes,0.1430804
13x48,13x48,CCGTGAGAGAGCTGAA,13,48,Keratinocytes,0.30517703
26x44,26x44,AGATCGCACTGAGCCA,26,44,Keratinocytes,0.33210054
15x26,15x26,CCAGTTCAAGCAGGAA,15,26,Schwann cell,0.089052096
16x19,16x19,CATACCAAACAGCAGA,16,19,Keratinocytes,0.32455572
34x20,34x20,AAGGTACAACCTCCAA,34,20,Fibroblast,0.24751353
17x19,17x19,CAGCGTTAACAGCAGA,17,19,Keratinocytes,0.43892527
41x3,41x3,ACAAGCTAATGCCTAA,41,3,Schwann cell,0.70407444
18x16,18x16,CACTTCGAAAGACGGA,18,16,Keratinocytes,0.31528482
34x12,34x12,AAGGTACAAGTACAAG,34,12,Schwann cell,0.23148745
11x30,11x30,CGAACTTACAACCACA,11,30,Keratinocytes,0.26765233
46x47,46x47,ACCACTGTCAAGACTA,46,47,Schwann cell,0.14520997
9x34,9x34,CGCATACACAGCGTTA,9,34,Keratinocytes,0.7609348
23x16,23x16,ATCCTGTAAAGACGGA,23,16,Keratinocytes,0.19940853
36x4,36x4,AACGCTTAAGTGGTCA,36,4,Keratinocytes,0.24913344
40x43,40x43,CTGTAGCCCTCAATGA,40,43,Keratinocytes,0.22015575
26x27,26x27,AGATCGCAAGTCACTA,26,27,Keratinocytes,0.24984418
10x34,10x34,CGACTGGACAGCGTTA,10,34,Keratinocytes,0.5753934
47x48,47x48,AGTGGTCAGAGCTGAA,47,48,Keratinocytes,0.2792702
19x18,19x18,CAATGGAAACACAGAA,19,18,Keratinocytes,0.22649026
31x44,31x44,ACCTCCAACTGAGCCA,31,44,Keratinocytes,0.18938772
31x11,31x11,ACCTCCAACTGTAGCC,31,11,Keratinocytes,0.5407408
42x24,42x24,CGCTGATCAGAGTCAA,42,24,Keratinocytes,1.17412
33x19,33x19,ACACAGAAACAGCAGA,33,19,Keratinocytes,0.36547577
38x6,38x6,AACAACCAACATTGGC,38,6,Fibroblast,0.1608011
44x23,44x23,CAGATCTGACTATGCA,44,23,Keratinocytes,0.05412006
22x47,22x47,ATTGAGGACAAGACTA,22,47,Keratinocytes,0.26780012
21x25,21x25,CAACCACAAGATCGCA,21,25,Keratinocytes,0.4738022
34x21,34x21,AAGGTACAACGCTCGA,34,21,Keratinocytes,0.37187088
20x16,20x16,GACTAGTAAAGACGGA,20,16,Schwann cell,0.13567708
39x17,39x17,AGTACAAGAAGGTACA,39,17,Keratinocytes,0.13397795
5x24,5x24,GAATCTGAAGAGTCAA,5,24,Keratinocytes,0.25807473
6x32,6x32,CTGGCATACAATGGAA,6,32,Keratinocytes,0.4378257
45x16,45x16,ACATTGGCAAGACGGA,45,16,Melanocyte,0.06193925
20x9,20x9,GACTAGTACGCTGATC,20,9,Keratinocytes,0.4311328
38x11,38x11,AACAACCACTGTAGCC,38,11,Keratinocytes,0.120213546
9x18,9x18,CGCATACAACACAGAA,9,18,Schwann cell,0.045116834
13x30,13x30,CCGTGAGACAACCACA,13,30,Keratinocytes,0.2996362
16x18,16x18,CATACCAAACACAGAA,16,18,Keratinocytes,0.17934708
37x16,37x16,AACCGAGAAAGACGGA,37,16,Schwann cell,0.1473691
44x34,44x34,CAGATCTGCAGCGTTA,44,34,Keratinocytes,0.13238454
16x30,16x30,CATACCAACAACCACA,16,30,Keratinocytes,1.1156429
45x23,45x23,ACATTGGCACTATGCA,45,23,Schwann cell,0.04802726
41x2,41x2,ACAAGCTAAAACATCG,41,2,Schwann cell,0.4455397
48x50,48x50,ATGCCTAAGCCACATA,48,50,Schwann cell,0.2487392
33x48,33x48,ACACAGAAGAGCTGAA,33,48,Schwann cell,0.24968792
13x27,13x27,CCGTGAGAAGTCACTA,13,27,Schwann cell,0.079542294
14x44,14x44,CCGAAGTACTGAGCCA,14,44,Keratinocytes,0.44481972
5x32,5x32,GAATCTGACAATGGAA,5,32,Keratinocytes,0.4657666
30x9,30x9,ACGCTCGACGCTGATC,30,9,Keratinocytes,0.4180539
42x27,42x27,CGCTGATCAGTCACTA,42,27,Schwann cell,0.22696382
14x42,14x42,CCGAAGTACGCATACA,14,42,Schwann cell,0.15644307
39x27,39x27,AGTACAAGAGTCACTA,39,27,Keratinocytes,0.10468102
39x26,39x26,AGTACAAGAGCAGGAA,39,26,Schwann cell,0.1429508
46x18,46x18,ACCACTGTACACAGAA,46,18,Schwann cell,0.043256596
35x18,35x18,AAGACGGAACACAGAA,35,18,Keratinocytes,0.105675265
16x16,16x16,CATACCAAAAGACGGA,16,16,Keratinocytes,0.3206155
21x16,21x16,CAACCACAAAGACGGA,21,16,Keratinocytes,0.18953498
27x27,27x27,AGAGTCAAAGTCACTA,27,27,Keratinocytes,0.11657699
36x21,36x21,AACGCTTAACGCTCGA,36,21,Keratinocytes,0.24294408
41x16,41x16,ACAAGCTAAAGACGGA,41,16,Schwann cell,0.105644
29x10,29x10,ACGTATCAACAAGCTA,29,10,Keratinocytes,0.34040824
42x34,42x34,CGCTGATCCAGCGTTA,42,34,Keratinocytes,0.23916987
16x41,16x41,CATACCAACGACTGGA,16,41,Keratinocytes,0.61125535
43x16,43x16,CATCAAGTAAGACGGA,43,16,Schwann cell,0.18179353
46x45,46x45,ACCACTGTCTGGCATA,46,45,Schwann cell,0.09616389
42x2,42x2,CGCTGATCAAACATCG,42,2,Schwann cell,0.23081246
41x20,41x20,ACAAGCTAACCTCCAA,41,20,Schwann cell,0.13639188
6x24,6x24,CTGGCATAAGAGTCAA,6,24,Schwann cell,0.05130669
13x42,13x42,CCGTGAGACGCATACA,13,42,Schwann cell,0.3090358
38x27,38x27,AACAACCAAGTCACTA,38,27,Schwann cell,0.23983473
43x12,43x12,CATCAAGTAGTACAAG,43,12,Keratinocytes,0.28339016
8x18,8x18,CTCAATGAACACAGAA,8,18,Schwann cell,0.16567898
43x41,43x41,CATCAAGTCGACTGGA,43,41,Keratinocytes,0.096478425
46x34,46x34,ACCACTGTCAGCGTTA,46,34,Keratinocytes,0.18199436
43x33,43x33,CATCAAGTCACTTCGA,43,33,Keratinocytes,0.6434662
39x10,39x10,AGTACAAGACAAGCTA,39,10,Keratinocytes,0.30451092
24x6,24x6,AGTCACTAACATTGGC,24,6,Schwann cell,0.14044118
43x28,43x28,CATCAAGTATCCTGTA,43,28,Keratinocytes,0.10822125
18x7,18x7,CACTTCGACAGATCTG,18,7,Schwann cell,0.08626183
28x16,28x16,ACTATGCAAAGACGGA,28,16,Schwann cell,0.34271997
30x26,30x26,ACGCTCGAAGCAGGAA,30,26,Keratinocytes,0.20107542
14x26,14x26,CCGAAGTAAGCAGGAA,14,26,Schwann cell,0.050415408
36x18,36x18,AACGCTTAACACAGAA,36,18,Schwann cell,0.053923994
16x28,16x28,CATACCAAATCCTGTA,16,28,Keratinocytes,0.55832005
2x31,2x31,GATAGACAGACTAGTA,2,31,Keratinocytes,0.5492728
6x30,6x30,CTGGCATACAACCACA,6,30,Keratinocytes,0.14980619
39x15,39x15,AGTACAAGAACGCTTA,39,15,Keratinocytes,0.31432837
27x25,27x25,AGAGTCAAAGATCGCA,27,25,Schwann cell,0.662626
44x14,44x14,CAGATCTGAACCGAGA,44,14,Keratinocytes,0.16488384
7x18,7x18,CTGAGCCAACACAGAA,7,18,Mast cell,0.05394526
33x21,33x21,ACACAGAAACGCTCGA,33,21,Keratinocytes,0.68804514
10x31,10x31,CGACTGGAGACTAGTA,10,31,Keratinocytes,0.16362886
39x25,39x25,AGTACAAGAGATCGCA,39,25,Schwann cell,0.18982387
9x16,9x16,CGCATACAAAGACGGA,9,16,Keratinocytes,0.25615114
36x10,36x10,AACGCTTAACAAGCTA,36,10,Keratinocytes,0.10050881
13x18,13x18,CCGTGAGAACACAGAA,13,18,Schwann cell,0.19418204
13x26,13x26,CCGTGAGAAGCAGGAA,13,26,Schwann cell,0.06628753
11x45,11x45,CGAACTTACTGGCATA,11,45,Schwann cell,0.5015291
35x3,35x3,AAGACGGAATGCCTAA,35,3,Keratinocytes,0.16465168
40x15,40x15,CTGTAGCCAACGCTTA,40,15,Keratinocytes,0.3915119
39x29,39x29,AGTACAAGATTGAGGA,39,29,Keratinocytes,0.4608357
33x43,33x43,ACACAGAACTCAATGA,33,43,Keratinocytes,0.34869254
19x16,19x16,CAATGGAAAAGACGGA,19,16,Keratinocytes,0.38381156
23x6,23x6,ATCCTGTAACATTGGC,23,6,Keratinocytes,0.16999334
23x17,23x17,ATCCTGTAAAGGTACA,23,17,Schwann cell,0.18767203
14x27,14x27,CCGAAGTAAGTCACTA,14,27,Keratinocytes,0.2433662
44x44,44x44,CAGATCTGCTGAGCCA,44,44,Keratinocytes,0.3021494
42x41,42x41,CGCTGATCCGACTGGA,42,41,Keratinocytes,0.34793153
29x5,29x5,ACGTATCAACCACTGT,29,5,Schwann cell,0.11842056
31x45,31x45,ACCTCCAACTGGCATA,31,45,Schwann cell,0.091484204
30x48,30x48,ACGCTCGAGAGCTGAA,30,48,Keratinocytes,0.1372284
10x44,10x44,CGACTGGACTGAGCCA,10,44,Schwann cell,0.07761145
44x16,44x16,CAGATCTGAAGACGGA,44,16,Schwann cell,0.20135303
30x18,30x18,ACGCTCGAACACAGAA,30,18,Keratinocytes,0.17419405
40x16,40x16,CTGTAGCCAAGACGGA,40,16,Schwann cell,0.11249276
39x43,39x43,AGTACAAGCTCAATGA,39,43,Keratinocytes,0.056766093
3x26,3x26,GAGCTGAAAGCAGGAA,3,26,Keratinocytes,0.23146857
31x16,31x16,ACCTCCAAAAGACGGA,31,16,Schwann cell,0.18694054
8x27,8x27,CTCAATGAAGTCACTA,8,27,Mast cell,0.08309608
28x6,28x6,ACTATGCAACATTGGC,28,6,Keratinocytes,0.23348393
41x32,41x32,ACAAGCTACAATGGAA,41,32,Keratinocytes,0.23191574
42x20,42x20,CGCTGATCACCTCCAA,42,20,Melanocyte,0.1250536
24x11,24x11,AGTCACTACTGTAGCC,24,11,Schwann cell,0.13591051
11x31,11x31,CGAACTTAGACTAGTA,11,31,Keratinocytes,0.21501309
41x31,41x31,ACAAGCTAGACTAGTA,41,31,Keratinocytes,0.30750954
4x37,4x37,CAAGACTACCGAAGTA,4,37,Keratinocytes,0.31612784
36x2,36x2,AACGCTTAAAACATCG,36,2,Keratinocytes,0.18578978
30x22,30x22,ACGCTCGAACGTATCA,30,22,Keratinocytes,0.3672872
42x22,42x22,CGCTGATCACGTATCA,42,22,Mast cell,0.096828945
40x27,40x27,CTGTAGCCAGTCACTA,40,27,Schwann cell,0.04855882
33x16,33x16,ACACAGAAAAGACGGA,33,16,Keratinocytes,0.20962796
33x44,33x44,ACACAGAACTGAGCCA,33,44,Schwann cell,0.15683895
12x48,12x48,CCTCCTGAGAGCTGAA,12,48,Schwann cell,0.17802031
47x46,47x46,AGTGGTCAGAATCTGA,47,46,Keratinocytes,0.041192953
37x11,37x11,AACCGAGACTGTAGCC,37,11,Keratinocytes,0.10346109
45x6,45x6,ACATTGGCACATTGGC,45,6,Keratinocytes,0.027025882
5x27,5x27,GAATCTGAAGTCACTA,5,27,Keratinocytes,0.1869978
24x17,24x17,AGTCACTAAAGGTACA,24,17,Schwann cell,0.15823627
43x31,43x31,CATCAAGTGACTAGTA,43,31,Keratinocytes,0.124119096
40x10,40x10,CTGTAGCCACAAGCTA,40,10,Keratinocytes,0.26442182
41x12,41x12,ACAAGCTAAGTACAAG,41,12,Lymphatic endothelium,0.21621487
3x17,3x17,GAGCTGAAAAGGTACA,3,17,Keratinocytes,0.18620676
45x7,45x7,ACATTGGCCAGATCTG,45,7,Schwann cell,0.06691394
43x7,43x7,CATCAAGTCAGATCTG,43,7,Schwann cell,0.06061623
43x11,43x11,CATCAAGTCTGTAGCC,43,11,Keratinocytes,0.1079267
44x22,44x22,CAGATCTGACGTATCA,44,22,Keratinocytes,0.16074784
45x45,45x45,ACATTGGCCTGGCATA,45,45,Melanocyte,0.046872377
36x17,36x17,AACGCTTAAAGGTACA,36,17,Schwann cell,0.12644592
43x26,43x26,CATCAAGTAGCAGGAA,43,26,Keratinocytes,0.08097498
42x21,42x21,CGCTGATCACGCTCGA,42,21,Schwann cell,0.10315322
44x17,44x17,CAGATCTGAAGGTACA,44,17,Schwann cell,0.07748699
4x26,4x26,CAAGACTAAGCAGGAA,4,26,Keratinocytes,0.19322543
43x6,43x6,CATCAAGTACATTGGC,43,6,Schwann cell,0.16758826
22x45,22x45,ATTGAGGACTGGCATA,22,45,Keratinocytes,0.208783
47x6,47x6,AGTGGTCAACATTGGC,47,6,Keratinocytes,0.1184137
4x17,4x17,CAAGACTAAAGGTACA,4,17,Keratinocytes,0.06477526
45x22,45x22,ACATTGGCACGTATCA,45,22,Keratinocytes,0.12763274
45x17,45x17,ACATTGGCAAGGTACA,45,17,Keratinocytes,0.08968152
39x31,39x31,AGTACAAGGACTAGTA,39,31,Schwann cell,0.049103763
42x7,42x7,CGCTGATCCAGATCTG,42,7,Keratinocytes,0.13175772
45x34,45x34,ACATTGGCCAGCGTTA,45,34,Mast cell,0.20987004
5x30,5x30,GAATCTGACAACCACA,5,30,Keratinocytes,0.17547324
39x14,39x14,AGTACAAGAACCGAGA,39,14,Mast cell,0.090891905
11x27,11x27,CGAACTTAAGTCACTA,11,27,Keratinocytes,0.039493546
12x26,12x26,CCTCCTGAAGCAGGAA,12,26,Keratinocytes,0.09488638
43x27,43x27,CATCAAGTAGTCACTA,43,27,Keratinocytes,0.07497674
48x6,48x6,ATGCCTAAACATTGGC,48,6,Schwann cell,0.080795325
42x17,42x17,CGCTGATCAAGGTACA,42,17,Schwann cell,0.04008142
45x44,45x44,ACATTGGCCTGAGCCA,45,44,Keratinocytes,0.018244727
